STRUCTURE,STRUCTURE_ID,STRUCTURE_NAME,freq,Time frequency,currency,Currency,estruct,Earnings structure,ecase,Earnings case,geo,Geopolitical entity (reporting),TIME_PERIOD,Time,OBS_VALUE,Observation value,OBS_FLAG,Observation status (Flag) V2 structure,CONF_STATUS,Confidentiality status (flag)
dataflow,ESTAT:EARN_NT_NET(1.0),Annual net earnings,A,Annual,EUR,Euro,NET,Net earning,CPL_NCH_AW100_100,"Two-earner couple without children, both earning 100% of the average earning",AT,Austria,2020,,66064.73,,,,,
dataflow,ESTAT:EARN_NT_NET(1.0),Annual net earnings,A,Annual,EUR,Euro,NET,Net earning,CPL_NCH_AW100_100,"Two-earner couple without children, both earning 100% of the average earning",AT,Austria,2021,,67424.41,,,,,
dataflow,ESTAT:EARN_NT_NET(1.0),Annual net earnings,A,Annual,EUR,Euro,NET,Net earning,CPL_NCH_AW100_100,"Two-earner couple without children, both earning 100% of the average earning",AT,Austria,2022,,72001.22,,,,,
dataflow,ESTAT:EARN_NT_NET(1.0),Annual net earnings,A,Annual,EUR,Euro,NET,Net earning,CPL_NCH_AW100_100,"Two-earner couple without children, both earning 100% of the average earning",AT,Austria,2023,,76751.81,,,,,
dataflow,ESTAT:EARN_NT_NET(1.0),Annual net earnings,A,Annual,EUR,Euro,NET,Net earning,CPL_NCH_AW100_100,"Two-earner couple without children, both earning 100% of the average earning",AT,Austria,2024,,83494.82,,,,,
dataflow,ESTAT:EARN_NT_NET(1.0),Annual net earnings,A,Annual,EUR,Euro,NET,Net earning,CPL_NCH_AW100_100,"Two-earner couple without children, both earning 100% of the average earning",BE,Belgium,2020,,61256.97,,,,,
dataflow,ESTAT:EARN_NT_NET(1.0),Annual net earnings,A,Annual,EUR,Euro,NET,Net earning,CPL_NCH_AW100_100,"Two-earner couple without children, both earning 100% of the average earning",BE,Belgium,2021,,62327.17,,,,,
dataflow,ESTAT:EARN_NT_NET(1.0),Annual net earnings,A,Annual,EUR,Euro,NET,Net earning,CPL_NCH_AW100_100,"Two-earner couple without children, both earning 100% of the average earning",BE,Belgium,2022,,66057.59,,,,,
dataflow,ESTAT:EARN_NT_NET(1.0),Annual net earnings,A,Annual,EUR,Euro,NET,Net earning,CPL_NCH_AW100_100,"Two-earner couple without children, both earning 100% of the average earning",BE,Belgium,2023,,71232.23,,,,,
dataflow,ESTAT:EARN_NT_NET(1.0),Annual net earnings,A,Annual,EUR,Euro,NET,Net earning,CPL_NCH_AW100_100,"Two-earner couple without children, both earning 100% of the average earning",BE,Belgium,2024,,73736.60,,,,,
dataflow,ESTAT:EARN_NT_NET(1.0),Annual net earnings,A,Annual,EUR,Euro,NET,Net earning,CPL_NCH_AW100_100,"Two-earner couple without children, both earning 100% of the average earning",BG,Bulgaria,2020,,13225.54,,,,,
dataflow,ESTAT:EARN_NT_NET(1.0),Annual net earnings,A,Annual,EUR,Euro,NET,Net earning,CPL_NCH_AW100_100,"Two-earner couple without children, both earning 100% of the average earning",BG,Bulgaria,2021,,14913.36,,,,,
dataflow,ESTAT:EARN_NT_NET(1.0),Annual net earnings,A,Annual,EUR,Euro,NET,Net earning,CPL_NCH_AW100_100,"Two-earner couple without children, both earning 100% of the average earning",BG,Bulgaria,2022,,17138.37,,,,,
dataflow,ESTAT:EARN_NT_NET(1.0),Annual net earnings,A,Annual,EUR,Euro,NET,Net earning,CPL_NCH_AW100_100,"Two-earner couple without children, both earning 100% of the average earning",BG,Bulgaria,2023,,19780.79,,,,,
dataflow,ESTAT:EARN_NT_NET(1.0),Annual net earnings,A,Annual,EUR,Euro,NET,Net earning,CPL_NCH_AW100_100,"Two-earner couple without children, both earning 100% of the average earning",BG,Bulgaria,2024,,22147.80,,,,,
dataflow,ESTAT:EARN_NT_NET(1.0),Annual net earnings,A,Annual,EUR,Euro,NET,Net earning,CPL_NCH_AW100_100,"Two-earner couple without children, both earning 100% of the average earning",CH,Switzerland,2020,,141110.42,,,,,
dataflow,ESTAT:EARN_NT_NET(1.0),Annual net earnings,A,Annual,EUR,Euro,NET,Net earning,CPL_NCH_AW100_100,"Two-earner couple without children, both earning 100% of the average earning",CH,Switzerland,2021,,144261.73,,,,,
dataflow,ESTAT:EARN_NT_NET(1.0),Annual net earnings,A,Annual,EUR,Euro,NET,Net earning,CPL_NCH_AW100_100,"Two-earner couple without children, both earning 100% of the average earning",CH,Switzerland,2022,,153585.59,,,,,
dataflow,ESTAT:EARN_NT_NET(1.0),Annual net earnings,A,Annual,EUR,Euro,NET,Net earning,CPL_NCH_AW100_100,"Two-earner couple without children, both earning 100% of the average earning",CH,Switzerland,2023,,160691.66,,,,,
dataflow,ESTAT:EARN_NT_NET(1.0),Annual net earnings,A,Annual,EUR,Euro,NET,Net earning,CPL_NCH_AW100_100,"Two-earner couple without children, both earning 100% of the average earning",CH,Switzerland,2024,,167666.42,,,,,
dataflow,ESTAT:EARN_NT_NET(1.0),Annual net earnings,A,Annual,EUR,Euro,NET,Net earning,CPL_NCH_AW100_100,"Two-earner couple without children, both earning 100% of the average earning",CY,Cyprus,2020,,40113.60,,,,,
dataflow,ESTAT:EARN_NT_NET(1.0),Annual net earnings,A,Annual,EUR,Euro,NET,Net earning,CPL_NCH_AW100_100,"Two-earner couple without children, both earning 100% of the average earning",CY,Cyprus,2021,,40918.05,,,,,
dataflow,ESTAT:EARN_NT_NET(1.0),Annual net earnings,A,Annual,EUR,Euro,NET,Net earning,CPL_NCH_AW100_100,"Two-earner couple without children, both earning 100% of the average earning",CY,Cyprus,2022,,44012.72,,,,,
dataflow,ESTAT:EARN_NT_NET(1.0),Annual net earnings,A,Annual,EUR,Euro,NET,Net earning,CPL_NCH_AW100_100,"Two-earner couple without children, both earning 100% of the average earning",CY,Cyprus,2023,,46953.50,,,,,
dataflow,ESTAT:EARN_NT_NET(1.0),Annual net earnings,A,Annual,EUR,Euro,NET,Net earning,CPL_NCH_AW100_100,"Two-earner couple without children, both earning 100% of the average earning",CY,Cyprus,2024,,48460.01,,,,,
dataflow,ESTAT:EARN_NT_NET(1.0),Annual net earnings,A,Annual,EUR,Euro,NET,Net earning,CPL_NCH_AW100_100,"Two-earner couple without children, both earning 100% of the average earning",CZ,Czechia,2020,,23948.80,,,,,
dataflow,ESTAT:EARN_NT_NET(1.0),Annual net earnings,A,Annual,EUR,Euro,NET,Net earning,CPL_NCH_AW100_100,"Two-earner couple without children, both earning 100% of the average earning",CZ,Czechia,2021,,27939.48,,,,,
dataflow,ESTAT:EARN_NT_NET(1.0),Annual net earnings,A,Annual,EUR,Euro,NET,Net earning,CPL_NCH_AW100_100,"Two-earner couple without children, both earning 100% of the average earning",CZ,Czechia,2022,,31406.09,,,,,
dataflow,ESTAT:EARN_NT_NET(1.0),Annual net earnings,A,Annual,EUR,Euro,NET,Net earning,CPL_NCH_AW100_100,"Two-earner couple without children, both earning 100% of the average earning",CZ,Czechia,2023,,34531.20,,,,,
dataflow,ESTAT:EARN_NT_NET(1.0),Annual net earnings,A,Annual,EUR,Euro,NET,Net earning,CPL_NCH_AW100_100,"Two-earner couple without children, both earning 100% of the average earning",CZ,Czechia,2024,,34581.99,,,,,
dataflow,ESTAT:EARN_NT_NET(1.0),Annual net earnings,A,Annual,EUR,Euro,NET,Net earning,CPL_NCH_AW100_100,"Two-earner couple without children, both earning 100% of the average earning",DE,Germany,2020,,62588.00,,,,,
dataflow,ESTAT:EARN_NT_NET(1.0),Annual net earnings,A,Annual,EUR,Euro,NET,Net earning,CPL_NCH_AW100_100,"Two-earner couple without children, both earning 100% of the average earning",DE,Germany,2021,,65700.40,,,,,
dataflow,ESTAT:EARN_NT_NET(1.0),Annual net earnings,A,Annual,EUR,Euro,NET,Net earning,CPL_NCH_AW100_100,"Two-earner couple without children, both earning 100% of the average earning",DE,Germany,2022,,71193.47,,,,,
dataflow,ESTAT:EARN_NT_NET(1.0),Annual net earnings,A,Annual,EUR,Euro,NET,Net earning,CPL_NCH_AW100_100,"Two-earner couple without children, both earning 100% of the average earning",DE,Germany,2023,,75816.81,,,,,
dataflow,ESTAT:EARN_NT_NET(1.0),Annual net earnings,A,Annual,EUR,Euro,NET,Net earning,CPL_NCH_AW100_100,"Two-earner couple without children, both earning 100% of the average earning",DE,Germany,2024,,79188.27,,,,,
dataflow,ESTAT:EARN_NT_NET(1.0),Annual net earnings,A,Annual,EUR,Euro,NET,Net earning,CPL_NCH_AW100_100,"Two-earner couple without children, both earning 100% of the average earning",DK,Denmark,2020,,75757.71,,,,,
dataflow,ESTAT:EARN_NT_NET(1.0),Annual net earnings,A,Annual,EUR,Euro,NET,Net earning,CPL_NCH_AW100_100,"Two-earner couple without children, both earning 100% of the average earning",DK,Denmark,2021,,78631.22,,,,,
dataflow,ESTAT:EARN_NT_NET(1.0),Annual net earnings,A,Annual,EUR,Euro,NET,Net earning,CPL_NCH_AW100_100,"Two-earner couple without children, both earning 100% of the average earning",DK,Denmark,2022,,81420.09,,,,,
dataflow,ESTAT:EARN_NT_NET(1.0),Annual net earnings,A,Annual,EUR,Euro,NET,Net earning,CPL_NCH_AW100_100,"Two-earner couple without children, both earning 100% of the average earning",DK,Denmark,2023,,84715.54,,,,,
dataflow,ESTAT:EARN_NT_NET(1.0),Annual net earnings,A,Annual,EUR,Euro,NET,Net earning,CPL_NCH_AW100_100,"Two-earner couple without children, both earning 100% of the average earning",DK,Denmark,2024,,87825.47,,,,,
dataflow,ESTAT:EARN_NT_NET(1.0),Annual net earnings,A,Annual,EUR,Euro,NET,Net earning,CPL_NCH_AW100_100,"Two-earner couple without children, both earning 100% of the average earning",EE,Estonia,2020,,28889.24,,,,,
dataflow,ESTAT:EARN_NT_NET(1.0),Annual net earnings,A,Annual,EUR,Euro,NET,Net earning,CPL_NCH_AW100_100,"Two-earner couple without children, both earning 100% of the average earning",EE,Estonia,2021,,30600.88,,,,,
dataflow,ESTAT:EARN_NT_NET(1.0),Annual net earnings,A,Annual,EUR,Euro,NET,Net earning,CPL_NCH_AW100_100,"Two-earner couple without children, both earning 100% of the average earning",EE,Estonia,2022,,32944.19,,,,,
dataflow,ESTAT:EARN_NT_NET(1.0),Annual net earnings,A,Annual,EUR,Euro,NET,Net earning,CPL_NCH_AW100_100,"Two-earner couple without children, both earning 100% of the average earning",EE,Estonia,2023,,36283.96,,,,,
dataflow,ESTAT:EARN_NT_NET(1.0),Annual net earnings,A,Annual,EUR,Euro,NET,Net earning,CPL_NCH_AW100_100,"Two-earner couple without children, both earning 100% of the average earning",EE,Estonia,2024,,38045.17,,,,,
dataflow,ESTAT:EARN_NT_NET(1.0),Annual net earnings,A,Annual,EUR,Euro,NET,Net earning,CPL_NCH_AW100_100,"Two-earner couple without children, both earning 100% of the average earning",EL,Greece,2020,,30828.14,,,,,
dataflow,ESTAT:EARN_NT_NET(1.0),Annual net earnings,A,Annual,EUR,Euro,NET,Net earning,CPL_NCH_AW100_100,"Two-earner couple without children, both earning 100% of the average earning",EL,Greece,2021,,33434.12,,,,,
dataflow,ESTAT:EARN_NT_NET(1.0),Annual net earnings,A,Annual,EUR,Euro,NET,Net earning,CPL_NCH_AW100_100,"Two-earner couple without children, both earning 100% of the average earning",EL,Greece,2022,,36420.66,,,,,
dataflow,ESTAT:EARN_NT_NET(1.0),Annual net earnings,A,Annual,EUR,Euro,NET,Net earning,CPL_NCH_AW100_100,"Two-earner couple without children, both earning 100% of the average earning",EL,Greece,2023,,38945.91,,,,,
dataflow,ESTAT:EARN_NT_NET(1.0),Annual net earnings,A,Annual,EUR,Euro,NET,Net earning,CPL_NCH_AW100_100,"Two-earner couple without children, both earning 100% of the average earning",EL,Greece,2024,,40456.43,,,,,
dataflow,ESTAT:EARN_NT_NET(1.0),Annual net earnings,A,Annual,EUR,Euro,NET,Net earning,CPL_NCH_AW100_100,"Two-earner couple without children, both earning 100% of the average earning",ES,Spain,2020,,41265.65,,,,,
dataflow,ESTAT:EARN_NT_NET(1.0),Annual net earnings,A,Annual,EUR,Euro,NET,Net earning,CPL_NCH_AW100_100,"Two-earner couple without children, both earning 100% of the average earning",ES,Spain,2021,,43337.03,,,,,
dataflow,ESTAT:EARN_NT_NET(1.0),Annual net earnings,A,Annual,EUR,Euro,NET,Net earning,CPL_NCH_AW100_100,"Two-earner couple without children, both earning 100% of the average earning",ES,Spain,2022,,45155.20,,,,,
dataflow,ESTAT:EARN_NT_NET(1.0),Annual net earnings,A,Annual,EUR,Euro,NET,Net earning,CPL_NCH_AW100_100,"Two-earner couple without children, both earning 100% of the average earning",ES,Spain,2023,,47194.15,,,,,
dataflow,ESTAT:EARN_NT_NET(1.0),Annual net earnings,A,Annual,EUR,Euro,NET,Net earning,CPL_NCH_AW100_100,"Two-earner couple without children, both earning 100% of the average earning",ES,Spain,2024,,49141.75,,,,,
dataflow,ESTAT:EARN_NT_NET(1.0),Annual net earnings,A,Annual,EUR,Euro,NET,Net earning,CPL_NCH_AW100_100,"Two-earner couple without children, both earning 100% of the average earning",EU27_2020,European Union - 27 countries (from 2020),2020,,47941.36,,,,,
dataflow,ESTAT:EARN_NT_NET(1.0),Annual net earnings,A,Annual,EUR,Euro,NET,Net earning,CPL_NCH_AW100_100,"Two-earner couple without children, both earning 100% of the average earning",EU27_2020,European Union - 27 countries (from 2020),2021,,50087.68,,,,,
dataflow,ESTAT:EARN_NT_NET(1.0),Annual net earnings,A,Annual,EUR,Euro,NET,Net earning,CPL_NCH_AW100_100,"Two-earner couple without children, both earning 100% of the average earning",EU27_2020,European Union - 27 countries (from 2020),2022,,53163.98,,,,,
dataflow,ESTAT:EARN_NT_NET(1.0),Annual net earnings,A,Annual,EUR,Euro,NET,Net earning,CPL_NCH_AW100_100,"Two-earner couple without children, both earning 100% of the average earning",EU27_2020,European Union - 27 countries (from 2020),2023,,56487.68,,,,,
dataflow,ESTAT:EARN_NT_NET(1.0),Annual net earnings,A,Annual,EUR,Euro,NET,Net earning,CPL_NCH_AW100_100,"Two-earner couple without children, both earning 100% of the average earning",EU27_2020,European Union - 27 countries (from 2020),2024,,59208.66,,,,,
dataflow,ESTAT:EARN_NT_NET(1.0),Annual net earnings,A,Annual,EUR,Euro,NET,Net earning,CPL_NCH_AW100_100,"Two-earner couple without children, both earning 100% of the average earning",FI,Finland,2020,,66383.96,,,,,
dataflow,ESTAT:EARN_NT_NET(1.0),Annual net earnings,A,Annual,EUR,Euro,NET,Net earning,CPL_NCH_AW100_100,"Two-earner couple without children, both earning 100% of the average earning",FI,Finland,2021,,67812.29,,,,,
dataflow,ESTAT:EARN_NT_NET(1.0),Annual net earnings,A,Annual,EUR,Euro,NET,Net earning,CPL_NCH_AW100_100,"Two-earner couple without children, both earning 100% of the average earning",FI,Finland,2022,,70002.33,,,,,
dataflow,ESTAT:EARN_NT_NET(1.0),Annual net earnings,A,Annual,EUR,Euro,NET,Net earning,CPL_NCH_AW100_100,"Two-earner couple without children, both earning 100% of the average earning",FI,Finland,2023,,72532.25,,,,,
dataflow,ESTAT:EARN_NT_NET(1.0),Annual net earnings,A,Annual,EUR,Euro,NET,Net earning,CPL_NCH_AW100_100,"Two-earner couple without children, both earning 100% of the average earning",FI,Finland,2024,,73753.23,,,,,
dataflow,ESTAT:EARN_NT_NET(1.0),Annual net earnings,A,Annual,EUR,Euro,NET,Net earning,CPL_NCH_AW100_100,"Two-earner couple without children, both earning 100% of the average earning",FR,France,2020,,54944.66,,,,,
dataflow,ESTAT:EARN_NT_NET(1.0),Annual net earnings,A,Annual,EUR,Euro,NET,Net earning,CPL_NCH_AW100_100,"Two-earner couple without children, both earning 100% of the average earning",FR,France,2021,,57299.66,,,,,
dataflow,ESTAT:EARN_NT_NET(1.0),Annual net earnings,A,Annual,EUR,Euro,NET,Net earning,CPL_NCH_AW100_100,"Two-earner couple without children, both earning 100% of the average earning",FR,France,2022,,60482.87,,,,,
dataflow,ESTAT:EARN_NT_NET(1.0),Annual net earnings,A,Annual,EUR,Euro,NET,Net earning,CPL_NCH_AW100_100,"Two-earner couple without children, both earning 100% of the average earning",FR,France,2023,,63147.03,,,,,
dataflow,ESTAT:EARN_NT_NET(1.0),Annual net earnings,A,Annual,EUR,Euro,NET,Net earning,CPL_NCH_AW100_100,"Two-earner couple without children, both earning 100% of the average earning",FR,France,2024,,64707.26,,,,,
dataflow,ESTAT:EARN_NT_NET(1.0),Annual net earnings,A,Annual,EUR,Euro,NET,Net earning,CPL_NCH_AW100_100,"Two-earner couple without children, both earning 100% of the average earning",HR,Croatia,2020,,19631.95,,,,,
dataflow,ESTAT:EARN_NT_NET(1.0),Annual net earnings,A,Annual,EUR,Euro,NET,Net earning,CPL_NCH_AW100_100,"Two-earner couple without children, both earning 100% of the average earning",HR,Croatia,2021,,20765.31,,,,,
dataflow,ESTAT:EARN_NT_NET(1.0),Annual net earnings,A,Annual,EUR,Euro,NET,Net earning,CPL_NCH_AW100_100,"Two-earner couple without children, both earning 100% of the average earning",HR,Croatia,2022,,22449.04,,,,,
dataflow,ESTAT:EARN_NT_NET(1.0),Annual net earnings,A,Annual,EUR,Euro,NET,Net earning,CPL_NCH_AW100_100,"Two-earner couple without children, both earning 100% of the average earning",HR,Croatia,2023,,25202.13,,,,,
dataflow,ESTAT:EARN_NT_NET(1.0),Annual net earnings,A,Annual,EUR,Euro,NET,Net earning,CPL_NCH_AW100_100,"Two-earner couple without children, both earning 100% of the average earning",HR,Croatia,2024,,27619.75,,,,,
dataflow,ESTAT:EARN_NT_NET(1.0),Annual net earnings,A,Annual,EUR,Euro,NET,Net earning,CPL_NCH_AW100_100,"Two-earner couple without children, both earning 100% of the average earning",HU,Hungary,2020,,19098.43,,,,,
dataflow,ESTAT:EARN_NT_NET(1.0),Annual net earnings,A,Annual,EUR,Euro,NET,Net earning,CPL_NCH_AW100_100,"Two-earner couple without children, both earning 100% of the average earning",HU,Hungary,2021,,20149.92,,,,,
dataflow,ESTAT:EARN_NT_NET(1.0),Annual net earnings,A,Annual,EUR,Euro,NET,Net earning,CPL_NCH_AW100_100,"Two-earner couple without children, both earning 100% of the average earning",HU,Hungary,2022,,21334.90,,,,,
dataflow,ESTAT:EARN_NT_NET(1.0),Annual net earnings,A,Annual,EUR,Euro,NET,Net earning,CPL_NCH_AW100_100,"Two-earner couple without children, both earning 100% of the average earning",HU,Hungary,2023,,25439.49,,,,,
dataflow,ESTAT:EARN_NT_NET(1.0),Annual net earnings,A,Annual,EUR,Euro,NET,Net earning,CPL_NCH_AW100_100,"Two-earner couple without children, both earning 100% of the average earning",HU,Hungary,2024,,27766.08,,,,,
dataflow,ESTAT:EARN_NT_NET(1.0),Annual net earnings,A,Annual,EUR,Euro,NET,Net earning,CPL_NCH_AW100_100,"Two-earner couple without children, both earning 100% of the average earning",IE,Ireland,2020,,77685.42,,,,,
dataflow,ESTAT:EARN_NT_NET(1.0),Annual net earnings,A,Annual,EUR,Euro,NET,Net earning,CPL_NCH_AW100_100,"Two-earner couple without children, both earning 100% of the average earning",IE,Ireland,2021,,79860.63,,,,,
dataflow,ESTAT:EARN_NT_NET(1.0),Annual net earnings,A,Annual,EUR,Euro,NET,Net earning,CPL_NCH_AW100_100,"Two-earner couple without children, both earning 100% of the average earning",IE,Ireland,2022,,82125.82,,,,,
dataflow,ESTAT:EARN_NT_NET(1.0),Annual net earnings,A,Annual,EUR,Euro,NET,Net earning,CPL_NCH_AW100_100,"Two-earner couple without children, both earning 100% of the average earning",IE,Ireland,2023,,87793.63,,,,,
dataflow,ESTAT:EARN_NT_NET(1.0),Annual net earnings,A,Annual,EUR,Euro,NET,Net earning,CPL_NCH_AW100_100,"Two-earner couple without children, both earning 100% of the average earning",IE,Ireland,2024,,92415.59,,,,,
dataflow,ESTAT:EARN_NT_NET(1.0),Annual net earnings,A,Annual,EUR,Euro,NET,Net earning,CPL_NCH_AW100_100,"Two-earner couple without children, both earning 100% of the average earning",IS,Iceland,2020,,88371.67,,,,,
dataflow,ESTAT:EARN_NT_NET(1.0),Annual net earnings,A,Annual,EUR,Euro,NET,Net earning,CPL_NCH_AW100_100,"Two-earner couple without children, both earning 100% of the average earning",IS,Iceland,2021,,94749.63,,,,,
dataflow,ESTAT:EARN_NT_NET(1.0),Annual net earnings,A,Annual,EUR,Euro,NET,Net earning,CPL_NCH_AW100_100,"Two-earner couple without children, both earning 100% of the average earning",IS,Iceland,2022,,106003.71,,,,,
dataflow,ESTAT:EARN_NT_NET(1.0),Annual net earnings,A,Annual,EUR,Euro,NET,Net earning,CPL_NCH_AW100_100,"Two-earner couple without children, both earning 100% of the average earning",IS,Iceland,2023,,109078.67,,,,,
dataflow,ESTAT:EARN_NT_NET(1.0),Annual net earnings,A,Annual,EUR,Euro,NET,Net earning,CPL_NCH_AW100_100,"Two-earner couple without children, both earning 100% of the average earning",IS,Iceland,2024,,115146.18,,,,,
dataflow,ESTAT:EARN_NT_NET(1.0),Annual net earnings,A,Annual,EUR,Euro,NET,Net earning,CPL_NCH_AW100_100,"Two-earner couple without children, both earning 100% of the average earning",IT,Italy,2020,,45015.38,,,,,
dataflow,ESTAT:EARN_NT_NET(1.0),Annual net earnings,A,Annual,EUR,Euro,NET,Net earning,CPL_NCH_AW100_100,"Two-earner couple without children, both earning 100% of the average earning",IT,Italy,2021,,47023.29,,,,,
dataflow,ESTAT:EARN_NT_NET(1.0),Annual net earnings,A,Annual,EUR,Euro,NET,Net earning,CPL_NCH_AW100_100,"Two-earner couple without children, both earning 100% of the average earning",IT,Italy,2022,,47678.57,,,,,
dataflow,ESTAT:EARN_NT_NET(1.0),Annual net earnings,A,Annual,EUR,Euro,NET,Net earning,CPL_NCH_AW100_100,"Two-earner couple without children, both earning 100% of the average earning",IT,Italy,2023,,49185.02,,,,,
dataflow,ESTAT:EARN_NT_NET(1.0),Annual net earnings,A,Annual,EUR,Euro,NET,Net earning,CPL_NCH_AW100_100,"Two-earner couple without children, both earning 100% of the average earning",IT,Italy,2024,,49594.05,,,,,
dataflow,ESTAT:EARN_NT_NET(1.0),Annual net earnings,A,Annual,EUR,Euro,NET,Net earning,CPL_NCH_AW100_100,"Two-earner couple without children, both earning 100% of the average earning",LT,Lithuania,2020,,21575.13,,,,,
dataflow,ESTAT:EARN_NT_NET(1.0),Annual net earnings,A,Annual,EUR,Euro,NET,Net earning,CPL_NCH_AW100_100,"Two-earner couple without children, both earning 100% of the average earning",LT,Lithuania,2021,,23596.42,,,,,
dataflow,ESTAT:EARN_NT_NET(1.0),Annual net earnings,A,Annual,EUR,Euro,NET,Net earning,CPL_NCH_AW100_100,"Two-earner couple without children, both earning 100% of the average earning",LT,Lithuania,2022,,26595.28,,,,,
dataflow,ESTAT:EARN_NT_NET(1.0),Annual net earnings,A,Annual,EUR,Euro,NET,Net earning,CPL_NCH_AW100_100,"Two-earner couple without children, both earning 100% of the average earning",LT,Lithuania,2023,,29566.83,,,,,
dataflow,ESTAT:EARN_NT_NET(1.0),Annual net earnings,A,Annual,EUR,Euro,NET,Net earning,CPL_NCH_AW100_100,"Two-earner couple without children, both earning 100% of the average earning",LT,Lithuania,2024,,31818.13,,,,,
dataflow,ESTAT:EARN_NT_NET(1.0),Annual net earnings,A,Annual,EUR,Euro,NET,Net earning,CPL_NCH_AW100_100,"Two-earner couple without children, both earning 100% of the average earning",LU,Luxembourg,2020,,90605.62,,,,,
dataflow,ESTAT:EARN_NT_NET(1.0),Annual net earnings,A,Annual,EUR,Euro,NET,Net earning,CPL_NCH_AW100_100,"Two-earner couple without children, both earning 100% of the average earning",LU,Luxembourg,2021,,91747.49,,,,,
dataflow,ESTAT:EARN_NT_NET(1.0),Annual net earnings,A,Annual,EUR,Euro,NET,Net earning,CPL_NCH_AW100_100,"Two-earner couple without children, both earning 100% of the average earning",LU,Luxembourg,2022,,95626.76,,,,,
dataflow,ESTAT:EARN_NT_NET(1.0),Annual net earnings,A,Annual,EUR,Euro,NET,Net earning,CPL_NCH_AW100_100,"Two-earner couple without children, both earning 100% of the average earning",LU,Luxembourg,2023,,99472.84,,,,,
dataflow,ESTAT:EARN_NT_NET(1.0),Annual net earnings,A,Annual,EUR,Euro,NET,Net earning,CPL_NCH_AW100_100,"Two-earner couple without children, both earning 100% of the average earning",LU,Luxembourg,2024,,102697.06,,,,,
dataflow,ESTAT:EARN_NT_NET(1.0),Annual net earnings,A,Annual,EUR,Euro,NET,Net earning,CPL_NCH_AW100_100,"Two-earner couple without children, both earning 100% of the average earning",LV,Latvia,2020,,19573.69,,,,,
dataflow,ESTAT:EARN_NT_NET(1.0),Annual net earnings,A,Annual,EUR,Euro,NET,Net earning,CPL_NCH_AW100_100,"Two-earner couple without children, both earning 100% of the average earning",LV,Latvia,2021,,22458.99,,,,,
dataflow,ESTAT:EARN_NT_NET(1.0),Annual net earnings,A,Annual,EUR,Euro,NET,Net earning,CPL_NCH_AW100_100,"Two-earner couple without children, both earning 100% of the average earning",LV,Latvia,2022,,24294.92,,,,,
dataflow,ESTAT:EARN_NT_NET(1.0),Annual net earnings,A,Annual,EUR,Euro,NET,Net earning,CPL_NCH_AW100_100,"Two-earner couple without children, both earning 100% of the average earning",LV,Latvia,2023,,26836.00,,,,,
dataflow,ESTAT:EARN_NT_NET(1.0),Annual net earnings,A,Annual,EUR,Euro,NET,Net earning,CPL_NCH_AW100_100,"Two-earner couple without children, both earning 100% of the average earning",LV,Latvia,2024,,29100.43,,,,,
dataflow,ESTAT:EARN_NT_NET(1.0),Annual net earnings,A,Annual,EUR,Euro,NET,Net earning,CPL_NCH_AW100_100,"Two-earner couple without children, both earning 100% of the average earning",MT,Malta,2020,,39305.80,,,,,
dataflow,ESTAT:EARN_NT_NET(1.0),Annual net earnings,A,Annual,EUR,Euro,NET,Net earning,CPL_NCH_AW100_100,"Two-earner couple without children, both earning 100% of the average earning",MT,Malta,2021,,36585.00,,,,,
dataflow,ESTAT:EARN_NT_NET(1.0),Annual net earnings,A,Annual,EUR,Euro,NET,Net earning,CPL_NCH_AW100_100,"Two-earner couple without children, both earning 100% of the average earning",MT,Malta,2022,,39569.62,,,,,
dataflow,ESTAT:EARN_NT_NET(1.0),Annual net earnings,A,Annual,EUR,Euro,NET,Net earning,CPL_NCH_AW100_100,"Two-earner couple without children, both earning 100% of the average earning",MT,Malta,2023,,41110.10,,,,,
dataflow,ESTAT:EARN_NT_NET(1.0),Annual net earnings,A,Annual,EUR,Euro,NET,Net earning,CPL_NCH_AW100_100,"Two-earner couple without children, both earning 100% of the average earning",MT,Malta,2024,,45718.08,,,,,
dataflow,ESTAT:EARN_NT_NET(1.0),Annual net earnings,A,Annual,EUR,Euro,NET,Net earning,CPL_NCH_AW100_100,"Two-earner couple without children, both earning 100% of the average earning",NL,Netherlands,2020,,78285.74,,,,,
dataflow,ESTAT:EARN_NT_NET(1.0),Annual net earnings,A,Annual,EUR,Euro,NET,Net earning,CPL_NCH_AW100_100,"Two-earner couple without children, both earning 100% of the average earning",NL,Netherlands,2021,,81321.23,,,,,
dataflow,ESTAT:EARN_NT_NET(1.0),Annual net earnings,A,Annual,EUR,Euro,NET,Net earning,CPL_NCH_AW100_100,"Two-earner couple without children, both earning 100% of the average earning",NL,Netherlands,2022,,84623.01,,,,,
dataflow,ESTAT:EARN_NT_NET(1.0),Annual net earnings,A,Annual,EUR,Euro,NET,Net earning,CPL_NCH_AW100_100,"Two-earner couple without children, both earning 100% of the average earning",NL,Netherlands,2023,,90312.75,,,,,
dataflow,ESTAT:EARN_NT_NET(1.0),Annual net earnings,A,Annual,EUR,Euro,NET,Net earning,CPL_NCH_AW100_100,"Two-earner couple without children, both earning 100% of the average earning",NL,Netherlands,2024,,95784.96,,,,,
dataflow,ESTAT:EARN_NT_NET(1.0),Annual net earnings,A,Annual,EUR,Euro,NET,Net earning,CPL_NCH_AW100_100,"Two-earner couple without children, both earning 100% of the average earning",NO,Norway,2020,,85069.78,,,,,
dataflow,ESTAT:EARN_NT_NET(1.0),Annual net earnings,A,Annual,EUR,Euro,NET,Net earning,CPL_NCH_AW100_100,"Two-earner couple without children, both earning 100% of the average earning",NO,Norway,2021,,93870.78,,,,,
dataflow,ESTAT:EARN_NT_NET(1.0),Annual net earnings,A,Annual,EUR,Euro,NET,Net earning,CPL_NCH_AW100_100,"Two-earner couple without children, both earning 100% of the average earning",NO,Norway,2022,,98418.09,,,,,
dataflow,ESTAT:EARN_NT_NET(1.0),Annual net earnings,A,Annual,EUR,Euro,NET,Net earning,CPL_NCH_AW100_100,"Two-earner couple without children, both earning 100% of the average earning",NO,Norway,2023,,91590.19,,,,,
dataflow,ESTAT:EARN_NT_NET(1.0),Annual net earnings,A,Annual,EUR,Euro,NET,Net earning,CPL_NCH_AW100_100,"Two-earner couple without children, both earning 100% of the average earning",NO,Norway,2024,,94463.74,,,,,
dataflow,ESTAT:EARN_NT_NET(1.0),Annual net earnings,A,Annual,EUR,Euro,NET,Net earning,CPL_NCH_AW100_100,"Two-earner couple without children, both earning 100% of the average earning",PL,Poland,2020,,22752.71,,,,,
dataflow,ESTAT:EARN_NT_NET(1.0),Annual net earnings,A,Annual,EUR,Euro,NET,Net earning,CPL_NCH_AW100_100,"Two-earner couple without children, both earning 100% of the average earning",PL,Poland,2021,,22269.13,,,,,
dataflow,ESTAT:EARN_NT_NET(1.0),Annual net earnings,A,Annual,EUR,Euro,NET,Net earning,CPL_NCH_AW100_100,"Two-earner couple without children, both earning 100% of the average earning",PL,Poland,2022,,25007.44,,,,,
dataflow,ESTAT:EARN_NT_NET(1.0),Annual net earnings,A,Annual,EUR,Euro,NET,Net earning,CPL_NCH_AW100_100,"Two-earner couple without children, both earning 100% of the average earning",PL,Poland,2023,,28974.35,,,,,
dataflow,ESTAT:EARN_NT_NET(1.0),Annual net earnings,A,Annual,EUR,Euro,NET,Net earning,CPL_NCH_AW100_100,"Two-earner couple without children, both earning 100% of the average earning",PL,Poland,2024,,34004.72,,,,,
dataflow,ESTAT:EARN_NT_NET(1.0),Annual net earnings,A,Annual,EUR,Euro,NET,Net earning,CPL_NCH_AW100_100,"Two-earner couple without children, both earning 100% of the average earning",PT,Portugal,2020,,25869.57,,,,,
dataflow,ESTAT:EARN_NT_NET(1.0),Annual net earnings,A,Annual,EUR,Euro,NET,Net earning,CPL_NCH_AW100_100,"Two-earner couple without children, both earning 100% of the average earning",PT,Portugal,2021,,27005.08,,,,,
dataflow,ESTAT:EARN_NT_NET(1.0),Annual net earnings,A,Annual,EUR,Euro,NET,Net earning,CPL_NCH_AW100_100,"Two-earner couple without children, both earning 100% of the average earning",PT,Portugal,2022,,28427.11,,,,,
dataflow,ESTAT:EARN_NT_NET(1.0),Annual net earnings,A,Annual,EUR,Euro,NET,Net earning,CPL_NCH_AW100_100,"Two-earner couple without children, both earning 100% of the average earning",PT,Portugal,2023,,30602.18,,,,,
dataflow,ESTAT:EARN_NT_NET(1.0),Annual net earnings,A,Annual,EUR,Euro,NET,Net earning,CPL_NCH_AW100_100,"Two-earner couple without children, both earning 100% of the average earning",PT,Portugal,2024,,33893.83,,,,,
dataflow,ESTAT:EARN_NT_NET(1.0),Annual net earnings,A,Annual,EUR,Euro,NET,Net earning,CPL_NCH_AW100_100,"Two-earner couple without children, both earning 100% of the average earning",RO,Romania,2020,,15259.25,,,,,
dataflow,ESTAT:EARN_NT_NET(1.0),Annual net earnings,A,Annual,EUR,Euro,NET,Net earning,CPL_NCH_AW100_100,"Two-earner couple without children, both earning 100% of the average earning",RO,Romania,2021,,16139.64,,,,,
dataflow,ESTAT:EARN_NT_NET(1.0),Annual net earnings,A,Annual,EUR,Euro,NET,Net earning,CPL_NCH_AW100_100,"Two-earner couple without children, both earning 100% of the average earning",RO,Romania,2022,,18167.96,,,,,
dataflow,ESTAT:EARN_NT_NET(1.0),Annual net earnings,A,Annual,EUR,Euro,NET,Net earning,CPL_NCH_AW100_100,"Two-earner couple without children, both earning 100% of the average earning",RO,Romania,2023,,21050.15,,,,,
dataflow,ESTAT:EARN_NT_NET(1.0),Annual net earnings,A,Annual,EUR,Euro,NET,Net earning,CPL_NCH_AW100_100,"Two-earner couple without children, both earning 100% of the average earning",RO,Romania,2024,,25309.05,,,,,
dataflow,ESTAT:EARN_NT_NET(1.0),Annual net earnings,A,Annual,EUR,Euro,NET,Net earning,CPL_NCH_AW100_100,"Two-earner couple without children, both earning 100% of the average earning",SE,Sweden,2020,,66733.37,,,,,
dataflow,ESTAT:EARN_NT_NET(1.0),Annual net earnings,A,Annual,EUR,Euro,NET,Net earning,CPL_NCH_AW100_100,"Two-earner couple without children, both earning 100% of the average earning",SE,Sweden,2021,,70971.47,,,,,
dataflow,ESTAT:EARN_NT_NET(1.0),Annual net earnings,A,Annual,EUR,Euro,NET,Net earning,CPL_NCH_AW100_100,"Two-earner couple without children, both earning 100% of the average earning",SE,Sweden,2022,,70377.44,,,,,
dataflow,ESTAT:EARN_NT_NET(1.0),Annual net earnings,A,Annual,EUR,Euro,NET,Net earning,CPL_NCH_AW100_100,"Two-earner couple without children, both earning 100% of the average earning",SE,Sweden,2023,,68414.12,,,,,
dataflow,ESTAT:EARN_NT_NET(1.0),Annual net earnings,A,Annual,EUR,Euro,NET,Net earning,CPL_NCH_AW100_100,"Two-earner couple without children, both earning 100% of the average earning",SE,Sweden,2024,,72294.06,,,,,
dataflow,ESTAT:EARN_NT_NET(1.0),Annual net earnings,A,Annual,EUR,Euro,NET,Net earning,CPL_NCH_AW100_100,"Two-earner couple without children, both earning 100% of the average earning",SI,Slovenia,2020,,27793.58,,,,,
dataflow,ESTAT:EARN_NT_NET(1.0),Annual net earnings,A,Annual,EUR,Euro,NET,Net earning,CPL_NCH_AW100_100,"Two-earner couple without children, both earning 100% of the average earning",SI,Slovenia,2021,,29202.45,,,,,
dataflow,ESTAT:EARN_NT_NET(1.0),Annual net earnings,A,Annual,EUR,Euro,NET,Net earning,CPL_NCH_AW100_100,"Two-earner couple without children, both earning 100% of the average earning",SI,Slovenia,2022,,31336.80,,,,,
dataflow,ESTAT:EARN_NT_NET(1.0),Annual net earnings,A,Annual,EUR,Euro,NET,Net earning,CPL_NCH_AW100_100,"Two-earner couple without children, both earning 100% of the average earning",SI,Slovenia,2023,,34227.77,,,,,
dataflow,ESTAT:EARN_NT_NET(1.0),Annual net earnings,A,Annual,EUR,Euro,NET,Net earning,CPL_NCH_AW100_100,"Two-earner couple without children, both earning 100% of the average earning",SI,Slovenia,2024,,35729.50,,,,,
dataflow,ESTAT:EARN_NT_NET(1.0),Annual net earnings,A,Annual,EUR,Euro,NET,Net earning,CPL_NCH_AW100_100,"Two-earner couple without children, both earning 100% of the average earning",SK,Slovakia,2020,,20501.68,,,,,
dataflow,ESTAT:EARN_NT_NET(1.0),Annual net earnings,A,Annual,EUR,Euro,NET,Net earning,CPL_NCH_AW100_100,"Two-earner couple without children, both earning 100% of the average earning",SK,Slovakia,2021,,21965.00,,,,,
dataflow,ESTAT:EARN_NT_NET(1.0),Annual net earnings,A,Annual,EUR,Euro,NET,Net earning,CPL_NCH_AW100_100,"Two-earner couple without children, both earning 100% of the average earning",SK,Slovakia,2022,,23693.70,,,,,
dataflow,ESTAT:EARN_NT_NET(1.0),Annual net earnings,A,Annual,EUR,Euro,NET,Net earning,CPL_NCH_AW100_100,"Two-earner couple without children, both earning 100% of the average earning",SK,Slovakia,2023,,26055.12,,,,,
dataflow,ESTAT:EARN_NT_NET(1.0),Annual net earnings,A,Annual,EUR,Euro,NET,Net earning,CPL_NCH_AW100_100,"Two-earner couple without children, both earning 100% of the average earning",SK,Slovakia,2024,,28139.72,,,,,
dataflow,ESTAT:EARN_NT_NET(1.0),Annual net earnings,A,Annual,EUR,Euro,NET,Net earning,CPL_NCH_AW100_100,"Two-earner couple without children, both earning 100% of the average earning",TR,Türkiye,2020,,12890.31,,,,,
dataflow,ESTAT:EARN_NT_NET(1.0),Annual net earnings,A,Annual,EUR,Euro,NET,Net earning,CPL_NCH_AW100_100,"Two-earner couple without children, both earning 100% of the average earning",TR,Türkiye,2021,,11691.51,,,,,
dataflow,ESTAT:EARN_NT_NET(1.0),Annual net earnings,A,Annual,EUR,Euro,NET,Net earning,CPL_NCH_AW100_100,"Two-earner couple without children, both earning 100% of the average earning",TR,Türkiye,2022,,12571.53,,,,,
dataflow,ESTAT:EARN_NT_NET(1.0),Annual net earnings,A,Annual,EUR,Euro,NET,Net earning,CPL_NCH_AW100_100,"Two-earner couple without children, both earning 100% of the average earning",TR,Türkiye,2023,,17536.59,,,,,
dataflow,ESTAT:EARN_NT_NET(1.0),Annual net earnings,A,Annual,EUR,Euro,NET,Net earning,CPL_NCH_AW100_100,"Two-earner couple without children, both earning 100% of the average earning",TR,Türkiye,2024,,22879.60,,,,,
