STRUCTURE,STRUCTURE_ID,STRUCTURE_NAME,freq,Time frequency,s_adj,Seasonal adjustment,age,Age class,sex,Sex,unit,Unit of measure,geo,Geopolitical entity (reporting),TIME_PERIOD,Time,OBS_VALUE,Observation value,OBS_FLAG,Observation status (Flag) V2 structure,CONF_STATUS,Confidentiality status (flag)
dataflow,ESTAT:TEILM020(1.0),Unemployment rate by sex,M,Monthly,SA,"Seasonally adjusted data, not calendar adjusted data",TOTAL,Total,F,Females,PC_ACT,Percentage of population in the labour force,AT,Austria,2024-07,,4.4,,,,,
dataflow,ESTAT:TEILM020(1.0),Unemployment rate by sex,M,Monthly,SA,"Seasonally adjusted data, not calendar adjusted data",TOTAL,Total,F,Females,PC_ACT,Percentage of population in the labour force,AT,Austria,2024-08,,4.6,,,,,
dataflow,ESTAT:TEILM020(1.0),Unemployment rate by sex,M,Monthly,SA,"Seasonally adjusted data, not calendar adjusted data",TOTAL,Total,F,Females,PC_ACT,Percentage of population in the labour force,AT,Austria,2024-09,,5.1,,,,,
dataflow,ESTAT:TEILM020(1.0),Unemployment rate by sex,M,Monthly,SA,"Seasonally adjusted data, not calendar adjusted data",TOTAL,Total,F,Females,PC_ACT,Percentage of population in the labour force,AT,Austria,2024-10,,5.7,,,,,
dataflow,ESTAT:TEILM020(1.0),Unemployment rate by sex,M,Monthly,SA,"Seasonally adjusted data, not calendar adjusted data",TOTAL,Total,F,Females,PC_ACT,Percentage of population in the labour force,AT,Austria,2024-11,,4.2,,,,,
dataflow,ESTAT:TEILM020(1.0),Unemployment rate by sex,M,Monthly,SA,"Seasonally adjusted data, not calendar adjusted data",TOTAL,Total,F,Females,PC_ACT,Percentage of population in the labour force,AT,Austria,2024-12,,5.0,,,,,
dataflow,ESTAT:TEILM020(1.0),Unemployment rate by sex,M,Monthly,SA,"Seasonally adjusted data, not calendar adjusted data",TOTAL,Total,F,Females,PC_ACT,Percentage of population in the labour force,AT,Austria,2025-01,,5.3,,,,,
dataflow,ESTAT:TEILM020(1.0),Unemployment rate by sex,M,Monthly,SA,"Seasonally adjusted data, not calendar adjusted data",TOTAL,Total,F,Females,PC_ACT,Percentage of population in the labour force,AT,Austria,2025-02,,5.2,,,,,
dataflow,ESTAT:TEILM020(1.0),Unemployment rate by sex,M,Monthly,SA,"Seasonally adjusted data, not calendar adjusted data",TOTAL,Total,F,Females,PC_ACT,Percentage of population in the labour force,AT,Austria,2025-03,,5.3,,,,,
dataflow,ESTAT:TEILM020(1.0),Unemployment rate by sex,M,Monthly,SA,"Seasonally adjusted data, not calendar adjusted data",TOTAL,Total,F,Females,PC_ACT,Percentage of population in the labour force,AT,Austria,2025-04,,5.6,,,,,
dataflow,ESTAT:TEILM020(1.0),Unemployment rate by sex,M,Monthly,SA,"Seasonally adjusted data, not calendar adjusted data",TOTAL,Total,F,Females,PC_ACT,Percentage of population in the labour force,AT,Austria,2025-05,,4.9,,,,,
dataflow,ESTAT:TEILM020(1.0),Unemployment rate by sex,M,Monthly,SA,"Seasonally adjusted data, not calendar adjusted data",TOTAL,Total,F,Females,PC_ACT,Percentage of population in the labour force,BA,Bosnia and Herzegovina,2024-07,,16.5,,,,,
dataflow,ESTAT:TEILM020(1.0),Unemployment rate by sex,M,Monthly,SA,"Seasonally adjusted data, not calendar adjusted data",TOTAL,Total,F,Females,PC_ACT,Percentage of population in the labour force,BA,Bosnia and Herzegovina,2024-08,,16.6,,,,,
dataflow,ESTAT:TEILM020(1.0),Unemployment rate by sex,M,Monthly,SA,"Seasonally adjusted data, not calendar adjusted data",TOTAL,Total,F,Females,PC_ACT,Percentage of population in the labour force,BA,Bosnia and Herzegovina,2024-09,,16.5,,,,,
dataflow,ESTAT:TEILM020(1.0),Unemployment rate by sex,M,Monthly,SA,"Seasonally adjusted data, not calendar adjusted data",TOTAL,Total,F,Females,PC_ACT,Percentage of population in the labour force,BA,Bosnia and Herzegovina,2024-10,,16.4,,,,,
dataflow,ESTAT:TEILM020(1.0),Unemployment rate by sex,M,Monthly,SA,"Seasonally adjusted data, not calendar adjusted data",TOTAL,Total,F,Females,PC_ACT,Percentage of population in the labour force,BA,Bosnia and Herzegovina,2024-11,,16.4,,,,,
dataflow,ESTAT:TEILM020(1.0),Unemployment rate by sex,M,Monthly,SA,"Seasonally adjusted data, not calendar adjusted data",TOTAL,Total,F,Females,PC_ACT,Percentage of population in the labour force,BA,Bosnia and Herzegovina,2024-12,,16.3,,,,,
dataflow,ESTAT:TEILM020(1.0),Unemployment rate by sex,M,Monthly,SA,"Seasonally adjusted data, not calendar adjusted data",TOTAL,Total,F,Females,PC_ACT,Percentage of population in the labour force,BA,Bosnia and Herzegovina,2025-01,,16.2,,,,,
dataflow,ESTAT:TEILM020(1.0),Unemployment rate by sex,M,Monthly,SA,"Seasonally adjusted data, not calendar adjusted data",TOTAL,Total,F,Females,PC_ACT,Percentage of population in the labour force,BA,Bosnia and Herzegovina,2025-02,,16.2,,,,,
dataflow,ESTAT:TEILM020(1.0),Unemployment rate by sex,M,Monthly,SA,"Seasonally adjusted data, not calendar adjusted data",TOTAL,Total,F,Females,PC_ACT,Percentage of population in the labour force,BA,Bosnia and Herzegovina,2025-03,,16.3,,,,,
dataflow,ESTAT:TEILM020(1.0),Unemployment rate by sex,M,Monthly,SA,"Seasonally adjusted data, not calendar adjusted data",TOTAL,Total,F,Females,PC_ACT,Percentage of population in the labour force,BA,Bosnia and Herzegovina,2025-04,,16.2,,,,,
dataflow,ESTAT:TEILM020(1.0),Unemployment rate by sex,M,Monthly,SA,"Seasonally adjusted data, not calendar adjusted data",TOTAL,Total,F,Females,PC_ACT,Percentage of population in the labour force,BE,Belgium,2024-07,,5.2,,,,,
dataflow,ESTAT:TEILM020(1.0),Unemployment rate by sex,M,Monthly,SA,"Seasonally adjusted data, not calendar adjusted data",TOTAL,Total,F,Females,PC_ACT,Percentage of population in the labour force,BE,Belgium,2024-08,,5.2,,,,,
dataflow,ESTAT:TEILM020(1.0),Unemployment rate by sex,M,Monthly,SA,"Seasonally adjusted data, not calendar adjusted data",TOTAL,Total,F,Females,PC_ACT,Percentage of population in the labour force,BE,Belgium,2024-09,,5.3,,,,,
dataflow,ESTAT:TEILM020(1.0),Unemployment rate by sex,M,Monthly,SA,"Seasonally adjusted data, not calendar adjusted data",TOTAL,Total,F,Females,PC_ACT,Percentage of population in the labour force,BE,Belgium,2024-10,,5.4,,,,,
dataflow,ESTAT:TEILM020(1.0),Unemployment rate by sex,M,Monthly,SA,"Seasonally adjusted data, not calendar adjusted data",TOTAL,Total,F,Females,PC_ACT,Percentage of population in the labour force,BE,Belgium,2024-11,,5.5,,,,,
dataflow,ESTAT:TEILM020(1.0),Unemployment rate by sex,M,Monthly,SA,"Seasonally adjusted data, not calendar adjusted data",TOTAL,Total,F,Females,PC_ACT,Percentage of population in the labour force,BE,Belgium,2024-12,,5.5,,,,,
dataflow,ESTAT:TEILM020(1.0),Unemployment rate by sex,M,Monthly,SA,"Seasonally adjusted data, not calendar adjusted data",TOTAL,Total,F,Females,PC_ACT,Percentage of population in the labour force,BE,Belgium,2025-01,,5.4,,,,,
dataflow,ESTAT:TEILM020(1.0),Unemployment rate by sex,M,Monthly,SA,"Seasonally adjusted data, not calendar adjusted data",TOTAL,Total,F,Females,PC_ACT,Percentage of population in the labour force,BE,Belgium,2025-02,,5.5,,,,,
dataflow,ESTAT:TEILM020(1.0),Unemployment rate by sex,M,Monthly,SA,"Seasonally adjusted data, not calendar adjusted data",TOTAL,Total,F,Females,PC_ACT,Percentage of population in the labour force,BE,Belgium,2025-03,,5.5,,,,,
dataflow,ESTAT:TEILM020(1.0),Unemployment rate by sex,M,Monthly,SA,"Seasonally adjusted data, not calendar adjusted data",TOTAL,Total,F,Females,PC_ACT,Percentage of population in the labour force,BE,Belgium,2025-04,,5.5,,,,,
dataflow,ESTAT:TEILM020(1.0),Unemployment rate by sex,M,Monthly,SA,"Seasonally adjusted data, not calendar adjusted data",TOTAL,Total,F,Females,PC_ACT,Percentage of population in the labour force,BE,Belgium,2025-05,,5.6,,,,,
dataflow,ESTAT:TEILM020(1.0),Unemployment rate by sex,M,Monthly,SA,"Seasonally adjusted data, not calendar adjusted data",TOTAL,Total,F,Females,PC_ACT,Percentage of population in the labour force,BG,Bulgaria,2024-07,,3.9,,,,,
dataflow,ESTAT:TEILM020(1.0),Unemployment rate by sex,M,Monthly,SA,"Seasonally adjusted data, not calendar adjusted data",TOTAL,Total,F,Females,PC_ACT,Percentage of population in the labour force,BG,Bulgaria,2024-08,,3.9,,,,,
dataflow,ESTAT:TEILM020(1.0),Unemployment rate by sex,M,Monthly,SA,"Seasonally adjusted data, not calendar adjusted data",TOTAL,Total,F,Females,PC_ACT,Percentage of population in the labour force,BG,Bulgaria,2024-09,,3.7,,,,,
dataflow,ESTAT:TEILM020(1.0),Unemployment rate by sex,M,Monthly,SA,"Seasonally adjusted data, not calendar adjusted data",TOTAL,Total,F,Females,PC_ACT,Percentage of population in the labour force,BG,Bulgaria,2024-10,,3.5,,,,,
dataflow,ESTAT:TEILM020(1.0),Unemployment rate by sex,M,Monthly,SA,"Seasonally adjusted data, not calendar adjusted data",TOTAL,Total,F,Females,PC_ACT,Percentage of population in the labour force,BG,Bulgaria,2024-11,,3.4,,,,,
dataflow,ESTAT:TEILM020(1.0),Unemployment rate by sex,M,Monthly,SA,"Seasonally adjusted data, not calendar adjusted data",TOTAL,Total,F,Females,PC_ACT,Percentage of population in the labour force,BG,Bulgaria,2024-12,,3.3,,,,,
dataflow,ESTAT:TEILM020(1.0),Unemployment rate by sex,M,Monthly,SA,"Seasonally adjusted data, not calendar adjusted data",TOTAL,Total,F,Females,PC_ACT,Percentage of population in the labour force,BG,Bulgaria,2025-01,,3.4,,,,,
dataflow,ESTAT:TEILM020(1.0),Unemployment rate by sex,M,Monthly,SA,"Seasonally adjusted data, not calendar adjusted data",TOTAL,Total,F,Females,PC_ACT,Percentage of population in the labour force,BG,Bulgaria,2025-02,,3.4,,,,,
dataflow,ESTAT:TEILM020(1.0),Unemployment rate by sex,M,Monthly,SA,"Seasonally adjusted data, not calendar adjusted data",TOTAL,Total,F,Females,PC_ACT,Percentage of population in the labour force,BG,Bulgaria,2025-03,,3.3,,,,,
dataflow,ESTAT:TEILM020(1.0),Unemployment rate by sex,M,Monthly,SA,"Seasonally adjusted data, not calendar adjusted data",TOTAL,Total,F,Females,PC_ACT,Percentage of population in the labour force,BG,Bulgaria,2025-04,,3.2,,,,,
dataflow,ESTAT:TEILM020(1.0),Unemployment rate by sex,M,Monthly,SA,"Seasonally adjusted data, not calendar adjusted data",TOTAL,Total,F,Females,PC_ACT,Percentage of population in the labour force,BG,Bulgaria,2025-05,,3.2,,,,,
dataflow,ESTAT:TEILM020(1.0),Unemployment rate by sex,M,Monthly,SA,"Seasonally adjusted data, not calendar adjusted data",TOTAL,Total,F,Females,PC_ACT,Percentage of population in the labour force,CH,Switzerland,2024-07,,4.7,,,,,
dataflow,ESTAT:TEILM020(1.0),Unemployment rate by sex,M,Monthly,SA,"Seasonally adjusted data, not calendar adjusted data",TOTAL,Total,F,Females,PC_ACT,Percentage of population in the labour force,CH,Switzerland,2024-08,,4.8,,,,,
dataflow,ESTAT:TEILM020(1.0),Unemployment rate by sex,M,Monthly,SA,"Seasonally adjusted data, not calendar adjusted data",TOTAL,Total,F,Females,PC_ACT,Percentage of population in the labour force,CH,Switzerland,2024-09,,4.8,,,,,
dataflow,ESTAT:TEILM020(1.0),Unemployment rate by sex,M,Monthly,SA,"Seasonally adjusted data, not calendar adjusted data",TOTAL,Total,F,Females,PC_ACT,Percentage of population in the labour force,CH,Switzerland,2024-10,,4.8,,,,,
dataflow,ESTAT:TEILM020(1.0),Unemployment rate by sex,M,Monthly,SA,"Seasonally adjusted data, not calendar adjusted data",TOTAL,Total,F,Females,PC_ACT,Percentage of population in the labour force,CH,Switzerland,2024-11,,4.8,,,,,
dataflow,ESTAT:TEILM020(1.0),Unemployment rate by sex,M,Monthly,SA,"Seasonally adjusted data, not calendar adjusted data",TOTAL,Total,F,Females,PC_ACT,Percentage of population in the labour force,CH,Switzerland,2024-12,,4.7,,,,,
dataflow,ESTAT:TEILM020(1.0),Unemployment rate by sex,M,Monthly,SA,"Seasonally adjusted data, not calendar adjusted data",TOTAL,Total,F,Females,PC_ACT,Percentage of population in the labour force,CH,Switzerland,2025-01,,4.4,,,,,
dataflow,ESTAT:TEILM020(1.0),Unemployment rate by sex,M,Monthly,SA,"Seasonally adjusted data, not calendar adjusted data",TOTAL,Total,F,Females,PC_ACT,Percentage of population in the labour force,CH,Switzerland,2025-02,,4.4,,,,,
dataflow,ESTAT:TEILM020(1.0),Unemployment rate by sex,M,Monthly,SA,"Seasonally adjusted data, not calendar adjusted data",TOTAL,Total,F,Females,PC_ACT,Percentage of population in the labour force,CH,Switzerland,2025-03,,4.5,,,,,
dataflow,ESTAT:TEILM020(1.0),Unemployment rate by sex,M,Monthly,SA,"Seasonally adjusted data, not calendar adjusted data",TOTAL,Total,F,Females,PC_ACT,Percentage of population in the labour force,CY,Cyprus,2024-07,,5.1,,,,,
dataflow,ESTAT:TEILM020(1.0),Unemployment rate by sex,M,Monthly,SA,"Seasonally adjusted data, not calendar adjusted data",TOTAL,Total,F,Females,PC_ACT,Percentage of population in the labour force,CY,Cyprus,2024-08,,4.9,,,,,
dataflow,ESTAT:TEILM020(1.0),Unemployment rate by sex,M,Monthly,SA,"Seasonally adjusted data, not calendar adjusted data",TOTAL,Total,F,Females,PC_ACT,Percentage of population in the labour force,CY,Cyprus,2024-09,,4.7,,,,,
dataflow,ESTAT:TEILM020(1.0),Unemployment rate by sex,M,Monthly,SA,"Seasonally adjusted data, not calendar adjusted data",TOTAL,Total,F,Females,PC_ACT,Percentage of population in the labour force,CY,Cyprus,2024-10,,4.8,,,,,
dataflow,ESTAT:TEILM020(1.0),Unemployment rate by sex,M,Monthly,SA,"Seasonally adjusted data, not calendar adjusted data",TOTAL,Total,F,Females,PC_ACT,Percentage of population in the labour force,CY,Cyprus,2024-11,,5.0,,,,,
dataflow,ESTAT:TEILM020(1.0),Unemployment rate by sex,M,Monthly,SA,"Seasonally adjusted data, not calendar adjusted data",TOTAL,Total,F,Females,PC_ACT,Percentage of population in the labour force,CY,Cyprus,2024-12,,5.2,,,,,
dataflow,ESTAT:TEILM020(1.0),Unemployment rate by sex,M,Monthly,SA,"Seasonally adjusted data, not calendar adjusted data",TOTAL,Total,F,Females,PC_ACT,Percentage of population in the labour force,CY,Cyprus,2025-01,,5.3,,,,,
dataflow,ESTAT:TEILM020(1.0),Unemployment rate by sex,M,Monthly,SA,"Seasonally adjusted data, not calendar adjusted data",TOTAL,Total,F,Females,PC_ACT,Percentage of population in the labour force,CY,Cyprus,2025-02,,5.1,,,,,
dataflow,ESTAT:TEILM020(1.0),Unemployment rate by sex,M,Monthly,SA,"Seasonally adjusted data, not calendar adjusted data",TOTAL,Total,F,Females,PC_ACT,Percentage of population in the labour force,CY,Cyprus,2025-03,,4.7,,,,,
dataflow,ESTAT:TEILM020(1.0),Unemployment rate by sex,M,Monthly,SA,"Seasonally adjusted data, not calendar adjusted data",TOTAL,Total,F,Females,PC_ACT,Percentage of population in the labour force,CY,Cyprus,2025-04,,4.4,,,,,
dataflow,ESTAT:TEILM020(1.0),Unemployment rate by sex,M,Monthly,SA,"Seasonally adjusted data, not calendar adjusted data",TOTAL,Total,F,Females,PC_ACT,Percentage of population in the labour force,CY,Cyprus,2025-05,,4.4,,,,,
dataflow,ESTAT:TEILM020(1.0),Unemployment rate by sex,M,Monthly,SA,"Seasonally adjusted data, not calendar adjusted data",TOTAL,Total,F,Females,PC_ACT,Percentage of population in the labour force,CZ,Czechia,2024-07,,3.1,,,,,
dataflow,ESTAT:TEILM020(1.0),Unemployment rate by sex,M,Monthly,SA,"Seasonally adjusted data, not calendar adjusted data",TOTAL,Total,F,Females,PC_ACT,Percentage of population in the labour force,CZ,Czechia,2024-08,,3.2,,,,,
dataflow,ESTAT:TEILM020(1.0),Unemployment rate by sex,M,Monthly,SA,"Seasonally adjusted data, not calendar adjusted data",TOTAL,Total,F,Females,PC_ACT,Percentage of population in the labour force,CZ,Czechia,2024-09,,3.4,,,,,
dataflow,ESTAT:TEILM020(1.0),Unemployment rate by sex,M,Monthly,SA,"Seasonally adjusted data, not calendar adjusted data",TOTAL,Total,F,Females,PC_ACT,Percentage of population in the labour force,CZ,Czechia,2024-10,,2.8,,,,,
dataflow,ESTAT:TEILM020(1.0),Unemployment rate by sex,M,Monthly,SA,"Seasonally adjusted data, not calendar adjusted data",TOTAL,Total,F,Females,PC_ACT,Percentage of population in the labour force,CZ,Czechia,2024-11,,3.7,,,,,
dataflow,ESTAT:TEILM020(1.0),Unemployment rate by sex,M,Monthly,SA,"Seasonally adjusted data, not calendar adjusted data",TOTAL,Total,F,Females,PC_ACT,Percentage of population in the labour force,CZ,Czechia,2024-12,,3.2,,,,,
dataflow,ESTAT:TEILM020(1.0),Unemployment rate by sex,M,Monthly,SA,"Seasonally adjusted data, not calendar adjusted data",TOTAL,Total,F,Females,PC_ACT,Percentage of population in the labour force,CZ,Czechia,2025-01,,2.6,,,,,
dataflow,ESTAT:TEILM020(1.0),Unemployment rate by sex,M,Monthly,SA,"Seasonally adjusted data, not calendar adjusted data",TOTAL,Total,F,Females,PC_ACT,Percentage of population in the labour force,CZ,Czechia,2025-02,,3.5,,,,,
dataflow,ESTAT:TEILM020(1.0),Unemployment rate by sex,M,Monthly,SA,"Seasonally adjusted data, not calendar adjusted data",TOTAL,Total,F,Females,PC_ACT,Percentage of population in the labour force,CZ,Czechia,2025-03,,3.2,,,,,
dataflow,ESTAT:TEILM020(1.0),Unemployment rate by sex,M,Monthly,SA,"Seasonally adjusted data, not calendar adjusted data",TOTAL,Total,F,Females,PC_ACT,Percentage of population in the labour force,CZ,Czechia,2025-04,,3.1,,,,,
dataflow,ESTAT:TEILM020(1.0),Unemployment rate by sex,M,Monthly,SA,"Seasonally adjusted data, not calendar adjusted data",TOTAL,Total,F,Females,PC_ACT,Percentage of population in the labour force,CZ,Czechia,2025-05,,3.3,,,,,
dataflow,ESTAT:TEILM020(1.0),Unemployment rate by sex,M,Monthly,SA,"Seasonally adjusted data, not calendar adjusted data",TOTAL,Total,F,Females,PC_ACT,Percentage of population in the labour force,DE,Germany,2024-07,,3.2,,,,,
dataflow,ESTAT:TEILM020(1.0),Unemployment rate by sex,M,Monthly,SA,"Seasonally adjusted data, not calendar adjusted data",TOTAL,Total,F,Females,PC_ACT,Percentage of population in the labour force,DE,Germany,2024-08,,3.2,,,,,
dataflow,ESTAT:TEILM020(1.0),Unemployment rate by sex,M,Monthly,SA,"Seasonally adjusted data, not calendar adjusted data",TOTAL,Total,F,Females,PC_ACT,Percentage of population in the labour force,DE,Germany,2024-09,,3.2,,,,,
dataflow,ESTAT:TEILM020(1.0),Unemployment rate by sex,M,Monthly,SA,"Seasonally adjusted data, not calendar adjusted data",TOTAL,Total,F,Females,PC_ACT,Percentage of population in the labour force,DE,Germany,2024-10,,3.2,,,,,
dataflow,ESTAT:TEILM020(1.0),Unemployment rate by sex,M,Monthly,SA,"Seasonally adjusted data, not calendar adjusted data",TOTAL,Total,F,Females,PC_ACT,Percentage of population in the labour force,DE,Germany,2024-11,,3.2,,,,,
dataflow,ESTAT:TEILM020(1.0),Unemployment rate by sex,M,Monthly,SA,"Seasonally adjusted data, not calendar adjusted data",TOTAL,Total,F,Females,PC_ACT,Percentage of population in the labour force,DE,Germany,2024-12,,3.3,,,,,
dataflow,ESTAT:TEILM020(1.0),Unemployment rate by sex,M,Monthly,SA,"Seasonally adjusted data, not calendar adjusted data",TOTAL,Total,F,Females,PC_ACT,Percentage of population in the labour force,DE,Germany,2025-01,,3.3,,,,,
dataflow,ESTAT:TEILM020(1.0),Unemployment rate by sex,M,Monthly,SA,"Seasonally adjusted data, not calendar adjusted data",TOTAL,Total,F,Females,PC_ACT,Percentage of population in the labour force,DE,Germany,2025-02,,3.3,,,,,
dataflow,ESTAT:TEILM020(1.0),Unemployment rate by sex,M,Monthly,SA,"Seasonally adjusted data, not calendar adjusted data",TOTAL,Total,F,Females,PC_ACT,Percentage of population in the labour force,DE,Germany,2025-03,,3.3,,,,,
dataflow,ESTAT:TEILM020(1.0),Unemployment rate by sex,M,Monthly,SA,"Seasonally adjusted data, not calendar adjusted data",TOTAL,Total,F,Females,PC_ACT,Percentage of population in the labour force,DE,Germany,2025-04,,3.4,,,,,
dataflow,ESTAT:TEILM020(1.0),Unemployment rate by sex,M,Monthly,SA,"Seasonally adjusted data, not calendar adjusted data",TOTAL,Total,F,Females,PC_ACT,Percentage of population in the labour force,DE,Germany,2025-05,,3.4,,,,,
dataflow,ESTAT:TEILM020(1.0),Unemployment rate by sex,M,Monthly,SA,"Seasonally adjusted data, not calendar adjusted data",TOTAL,Total,F,Females,PC_ACT,Percentage of population in the labour force,DK,Denmark,2024-07,,6.5,,,,,
dataflow,ESTAT:TEILM020(1.0),Unemployment rate by sex,M,Monthly,SA,"Seasonally adjusted data, not calendar adjusted data",TOTAL,Total,F,Females,PC_ACT,Percentage of population in the labour force,DK,Denmark,2024-08,,6.3,,,,,
dataflow,ESTAT:TEILM020(1.0),Unemployment rate by sex,M,Monthly,SA,"Seasonally adjusted data, not calendar adjusted data",TOTAL,Total,F,Females,PC_ACT,Percentage of population in the labour force,DK,Denmark,2024-09,,7.1,,,,,
dataflow,ESTAT:TEILM020(1.0),Unemployment rate by sex,M,Monthly,SA,"Seasonally adjusted data, not calendar adjusted data",TOTAL,Total,F,Females,PC_ACT,Percentage of population in the labour force,DK,Denmark,2024-10,,6.8,,,,,
dataflow,ESTAT:TEILM020(1.0),Unemployment rate by sex,M,Monthly,SA,"Seasonally adjusted data, not calendar adjusted data",TOTAL,Total,F,Females,PC_ACT,Percentage of population in the labour force,DK,Denmark,2024-11,,6.9,,,,,
dataflow,ESTAT:TEILM020(1.0),Unemployment rate by sex,M,Monthly,SA,"Seasonally adjusted data, not calendar adjusted data",TOTAL,Total,F,Females,PC_ACT,Percentage of population in the labour force,DK,Denmark,2024-12,,7.1,,,,,
dataflow,ESTAT:TEILM020(1.0),Unemployment rate by sex,M,Monthly,SA,"Seasonally adjusted data, not calendar adjusted data",TOTAL,Total,F,Females,PC_ACT,Percentage of population in the labour force,DK,Denmark,2025-01,,6.8,,,,,
dataflow,ESTAT:TEILM020(1.0),Unemployment rate by sex,M,Monthly,SA,"Seasonally adjusted data, not calendar adjusted data",TOTAL,Total,F,Females,PC_ACT,Percentage of population in the labour force,DK,Denmark,2025-02,,6.4,,,,,
dataflow,ESTAT:TEILM020(1.0),Unemployment rate by sex,M,Monthly,SA,"Seasonally adjusted data, not calendar adjusted data",TOTAL,Total,F,Females,PC_ACT,Percentage of population in the labour force,DK,Denmark,2025-03,,6.9,,,,,
dataflow,ESTAT:TEILM020(1.0),Unemployment rate by sex,M,Monthly,SA,"Seasonally adjusted data, not calendar adjusted data",TOTAL,Total,F,Females,PC_ACT,Percentage of population in the labour force,DK,Denmark,2025-04,,6.9,,,,,
dataflow,ESTAT:TEILM020(1.0),Unemployment rate by sex,M,Monthly,SA,"Seasonally adjusted data, not calendar adjusted data",TOTAL,Total,F,Females,PC_ACT,Percentage of population in the labour force,DK,Denmark,2025-05,,5.8,,,,,
dataflow,ESTAT:TEILM020(1.0),Unemployment rate by sex,M,Monthly,SA,"Seasonally adjusted data, not calendar adjusted data",TOTAL,Total,F,Females,PC_ACT,Percentage of population in the labour force,EE,Estonia,2024-07,,7.7,,,,,
dataflow,ESTAT:TEILM020(1.0),Unemployment rate by sex,M,Monthly,SA,"Seasonally adjusted data, not calendar adjusted data",TOTAL,Total,F,Females,PC_ACT,Percentage of population in the labour force,EE,Estonia,2024-08,,7.7,,,,,
dataflow,ESTAT:TEILM020(1.0),Unemployment rate by sex,M,Monthly,SA,"Seasonally adjusted data, not calendar adjusted data",TOTAL,Total,F,Females,PC_ACT,Percentage of population in the labour force,EE,Estonia,2024-09,,7.9,,,,,
dataflow,ESTAT:TEILM020(1.0),Unemployment rate by sex,M,Monthly,SA,"Seasonally adjusted data, not calendar adjusted data",TOTAL,Total,F,Females,PC_ACT,Percentage of population in the labour force,EE,Estonia,2024-10,,7.1,,,,,
dataflow,ESTAT:TEILM020(1.0),Unemployment rate by sex,M,Monthly,SA,"Seasonally adjusted data, not calendar adjusted data",TOTAL,Total,F,Females,PC_ACT,Percentage of population in the labour force,EE,Estonia,2024-11,,7.2,,,,,
dataflow,ESTAT:TEILM020(1.0),Unemployment rate by sex,M,Monthly,SA,"Seasonally adjusted data, not calendar adjusted data",TOTAL,Total,F,Females,PC_ACT,Percentage of population in the labour force,EE,Estonia,2024-12,,7.1,,,,,
dataflow,ESTAT:TEILM020(1.0),Unemployment rate by sex,M,Monthly,SA,"Seasonally adjusted data, not calendar adjusted data",TOTAL,Total,F,Females,PC_ACT,Percentage of population in the labour force,EE,Estonia,2025-01,,7.4,,,,,
dataflow,ESTAT:TEILM020(1.0),Unemployment rate by sex,M,Monthly,SA,"Seasonally adjusted data, not calendar adjusted data",TOTAL,Total,F,Females,PC_ACT,Percentage of population in the labour force,EE,Estonia,2025-02,,8.1,,,,,
dataflow,ESTAT:TEILM020(1.0),Unemployment rate by sex,M,Monthly,SA,"Seasonally adjusted data, not calendar adjusted data",TOTAL,Total,F,Females,PC_ACT,Percentage of population in the labour force,EE,Estonia,2025-03,,7.7,,,,,
dataflow,ESTAT:TEILM020(1.0),Unemployment rate by sex,M,Monthly,SA,"Seasonally adjusted data, not calendar adjusted data",TOTAL,Total,F,Females,PC_ACT,Percentage of population in the labour force,EE,Estonia,2025-04,,7.4,,,,,
dataflow,ESTAT:TEILM020(1.0),Unemployment rate by sex,M,Monthly,SA,"Seasonally adjusted data, not calendar adjusted data",TOTAL,Total,F,Females,PC_ACT,Percentage of population in the labour force,EE,Estonia,2025-05,,7.4,,,,,
dataflow,ESTAT:TEILM020(1.0),Unemployment rate by sex,M,Monthly,SA,"Seasonally adjusted data, not calendar adjusted data",TOTAL,Total,F,Females,PC_ACT,Percentage of population in the labour force,EL,Greece,2024-07,,12.6,,,,,
dataflow,ESTAT:TEILM020(1.0),Unemployment rate by sex,M,Monthly,SA,"Seasonally adjusted data, not calendar adjusted data",TOTAL,Total,F,Females,PC_ACT,Percentage of population in the labour force,EL,Greece,2024-08,,11.5,,,,,
dataflow,ESTAT:TEILM020(1.0),Unemployment rate by sex,M,Monthly,SA,"Seasonally adjusted data, not calendar adjusted data",TOTAL,Total,F,Females,PC_ACT,Percentage of population in the labour force,EL,Greece,2024-09,,12.0,,,,,
dataflow,ESTAT:TEILM020(1.0),Unemployment rate by sex,M,Monthly,SA,"Seasonally adjusted data, not calendar adjusted data",TOTAL,Total,F,Females,PC_ACT,Percentage of population in the labour force,EL,Greece,2024-10,,11.9,,,,,
dataflow,ESTAT:TEILM020(1.0),Unemployment rate by sex,M,Monthly,SA,"Seasonally adjusted data, not calendar adjusted data",TOTAL,Total,F,Females,PC_ACT,Percentage of population in the labour force,EL,Greece,2024-11,,12.3,,,,,
dataflow,ESTAT:TEILM020(1.0),Unemployment rate by sex,M,Monthly,SA,"Seasonally adjusted data, not calendar adjusted data",TOTAL,Total,F,Females,PC_ACT,Percentage of population in the labour force,EL,Greece,2024-12,,11.6,,,,,
dataflow,ESTAT:TEILM020(1.0),Unemployment rate by sex,M,Monthly,SA,"Seasonally adjusted data, not calendar adjusted data",TOTAL,Total,F,Females,PC_ACT,Percentage of population in the labour force,EL,Greece,2025-01,,11.8,,,,,
dataflow,ESTAT:TEILM020(1.0),Unemployment rate by sex,M,Monthly,SA,"Seasonally adjusted data, not calendar adjusted data",TOTAL,Total,F,Females,PC_ACT,Percentage of population in the labour force,EL,Greece,2025-02,,11.8,,,,,
dataflow,ESTAT:TEILM020(1.0),Unemployment rate by sex,M,Monthly,SA,"Seasonally adjusted data, not calendar adjusted data",TOTAL,Total,F,Females,PC_ACT,Percentage of population in the labour force,EL,Greece,2025-03,,11.8,,,,,
dataflow,ESTAT:TEILM020(1.0),Unemployment rate by sex,M,Monthly,SA,"Seasonally adjusted data, not calendar adjusted data",TOTAL,Total,F,Females,PC_ACT,Percentage of population in the labour force,EL,Greece,2025-04,,10.6,,,,,
dataflow,ESTAT:TEILM020(1.0),Unemployment rate by sex,M,Monthly,SA,"Seasonally adjusted data, not calendar adjusted data",TOTAL,Total,F,Females,PC_ACT,Percentage of population in the labour force,EL,Greece,2025-05,,9.8,,,,,
dataflow,ESTAT:TEILM020(1.0),Unemployment rate by sex,M,Monthly,SA,"Seasonally adjusted data, not calendar adjusted data",TOTAL,Total,F,Females,PC_ACT,Percentage of population in the labour force,ES,Spain,2024-07,,12.7,,,,,
dataflow,ESTAT:TEILM020(1.0),Unemployment rate by sex,M,Monthly,SA,"Seasonally adjusted data, not calendar adjusted data",TOTAL,Total,F,Females,PC_ACT,Percentage of population in the labour force,ES,Spain,2024-08,,12.5,,,,,
dataflow,ESTAT:TEILM020(1.0),Unemployment rate by sex,M,Monthly,SA,"Seasonally adjusted data, not calendar adjusted data",TOTAL,Total,F,Females,PC_ACT,Percentage of population in the labour force,ES,Spain,2024-09,,12.3,,,,,
dataflow,ESTAT:TEILM020(1.0),Unemployment rate by sex,M,Monthly,SA,"Seasonally adjusted data, not calendar adjusted data",TOTAL,Total,F,Females,PC_ACT,Percentage of population in the labour force,ES,Spain,2024-10,,12.1,,,,,
dataflow,ESTAT:TEILM020(1.0),Unemployment rate by sex,M,Monthly,SA,"Seasonally adjusted data, not calendar adjusted data",TOTAL,Total,F,Females,PC_ACT,Percentage of population in the labour force,ES,Spain,2024-11,,12.0,,,,,
dataflow,ESTAT:TEILM020(1.0),Unemployment rate by sex,M,Monthly,SA,"Seasonally adjusted data, not calendar adjusted data",TOTAL,Total,F,Females,PC_ACT,Percentage of population in the labour force,ES,Spain,2024-12,,12.1,,,,,
dataflow,ESTAT:TEILM020(1.0),Unemployment rate by sex,M,Monthly,SA,"Seasonally adjusted data, not calendar adjusted data",TOTAL,Total,F,Females,PC_ACT,Percentage of population in the labour force,ES,Spain,2025-01,,12.1,,,,,
dataflow,ESTAT:TEILM020(1.0),Unemployment rate by sex,M,Monthly,SA,"Seasonally adjusted data, not calendar adjusted data",TOTAL,Total,F,Females,PC_ACT,Percentage of population in the labour force,ES,Spain,2025-02,,12.2,,,,,
dataflow,ESTAT:TEILM020(1.0),Unemployment rate by sex,M,Monthly,SA,"Seasonally adjusted data, not calendar adjusted data",TOTAL,Total,F,Females,PC_ACT,Percentage of population in the labour force,ES,Spain,2025-03,,12.2,,,,,
dataflow,ESTAT:TEILM020(1.0),Unemployment rate by sex,M,Monthly,SA,"Seasonally adjusted data, not calendar adjusted data",TOTAL,Total,F,Females,PC_ACT,Percentage of population in the labour force,ES,Spain,2025-04,,12.2,,,,,
dataflow,ESTAT:TEILM020(1.0),Unemployment rate by sex,M,Monthly,SA,"Seasonally adjusted data, not calendar adjusted data",TOTAL,Total,F,Females,PC_ACT,Percentage of population in the labour force,ES,Spain,2025-05,,12.1,,,,,
dataflow,ESTAT:TEILM020(1.0),Unemployment rate by sex,M,Monthly,SA,"Seasonally adjusted data, not calendar adjusted data",TOTAL,Total,F,Females,PC_ACT,Percentage of population in the labour force,EU27_2020,European Union - 27 countries (from 2020),2024-07,,6.1,,,,,
dataflow,ESTAT:TEILM020(1.0),Unemployment rate by sex,M,Monthly,SA,"Seasonally adjusted data, not calendar adjusted data",TOTAL,Total,F,Females,PC_ACT,Percentage of population in the labour force,EU27_2020,European Union - 27 countries (from 2020),2024-08,,6.1,,,,,
dataflow,ESTAT:TEILM020(1.0),Unemployment rate by sex,M,Monthly,SA,"Seasonally adjusted data, not calendar adjusted data",TOTAL,Total,F,Females,PC_ACT,Percentage of population in the labour force,EU27_2020,European Union - 27 countries (from 2020),2024-09,,6.1,,,,,
dataflow,ESTAT:TEILM020(1.0),Unemployment rate by sex,M,Monthly,SA,"Seasonally adjusted data, not calendar adjusted data",TOTAL,Total,F,Females,PC_ACT,Percentage of population in the labour force,EU27_2020,European Union - 27 countries (from 2020),2024-10,,6.1,,,,,
dataflow,ESTAT:TEILM020(1.0),Unemployment rate by sex,M,Monthly,SA,"Seasonally adjusted data, not calendar adjusted data",TOTAL,Total,F,Females,PC_ACT,Percentage of population in the labour force,EU27_2020,European Union - 27 countries (from 2020),2024-11,,6.1,,,,,
dataflow,ESTAT:TEILM020(1.0),Unemployment rate by sex,M,Monthly,SA,"Seasonally adjusted data, not calendar adjusted data",TOTAL,Total,F,Females,PC_ACT,Percentage of population in the labour force,EU27_2020,European Union - 27 countries (from 2020),2024-12,,6.1,,,,,
dataflow,ESTAT:TEILM020(1.0),Unemployment rate by sex,M,Monthly,SA,"Seasonally adjusted data, not calendar adjusted data",TOTAL,Total,F,Females,PC_ACT,Percentage of population in the labour force,EU27_2020,European Union - 27 countries (from 2020),2025-01,,6.2,,,,,
dataflow,ESTAT:TEILM020(1.0),Unemployment rate by sex,M,Monthly,SA,"Seasonally adjusted data, not calendar adjusted data",TOTAL,Total,F,Females,PC_ACT,Percentage of population in the labour force,EU27_2020,European Union - 27 countries (from 2020),2025-02,,6.2,,,,,
dataflow,ESTAT:TEILM020(1.0),Unemployment rate by sex,M,Monthly,SA,"Seasonally adjusted data, not calendar adjusted data",TOTAL,Total,F,Females,PC_ACT,Percentage of population in the labour force,EU27_2020,European Union - 27 countries (from 2020),2025-03,,6.2,,,,,
dataflow,ESTAT:TEILM020(1.0),Unemployment rate by sex,M,Monthly,SA,"Seasonally adjusted data, not calendar adjusted data",TOTAL,Total,F,Females,PC_ACT,Percentage of population in the labour force,EU27_2020,European Union - 27 countries (from 2020),2025-04,,6.1,,,,,
dataflow,ESTAT:TEILM020(1.0),Unemployment rate by sex,M,Monthly,SA,"Seasonally adjusted data, not calendar adjusted data",TOTAL,Total,F,Females,PC_ACT,Percentage of population in the labour force,EU27_2020,European Union - 27 countries (from 2020),2025-05,,6.1,,,,,
dataflow,ESTAT:TEILM020(1.0),Unemployment rate by sex,M,Monthly,SA,"Seasonally adjusted data, not calendar adjusted data",TOTAL,Total,F,Females,PC_ACT,Percentage of population in the labour force,FI,Finland,2024-07,,6.9,,,,,
dataflow,ESTAT:TEILM020(1.0),Unemployment rate by sex,M,Monthly,SA,"Seasonally adjusted data, not calendar adjusted data",TOTAL,Total,F,Females,PC_ACT,Percentage of population in the labour force,FI,Finland,2024-08,,7.8,,,,,
dataflow,ESTAT:TEILM020(1.0),Unemployment rate by sex,M,Monthly,SA,"Seasonally adjusted data, not calendar adjusted data",TOTAL,Total,F,Females,PC_ACT,Percentage of population in the labour force,FI,Finland,2024-09,,7.7,,,,,
dataflow,ESTAT:TEILM020(1.0),Unemployment rate by sex,M,Monthly,SA,"Seasonally adjusted data, not calendar adjusted data",TOTAL,Total,F,Females,PC_ACT,Percentage of population in the labour force,FI,Finland,2024-10,,7.9,,,,,
dataflow,ESTAT:TEILM020(1.0),Unemployment rate by sex,M,Monthly,SA,"Seasonally adjusted data, not calendar adjusted data",TOTAL,Total,F,Females,PC_ACT,Percentage of population in the labour force,FI,Finland,2024-11,,8.8,,,,,
dataflow,ESTAT:TEILM020(1.0),Unemployment rate by sex,M,Monthly,SA,"Seasonally adjusted data, not calendar adjusted data",TOTAL,Total,F,Females,PC_ACT,Percentage of population in the labour force,FI,Finland,2024-12,,8.2,,,,,
dataflow,ESTAT:TEILM020(1.0),Unemployment rate by sex,M,Monthly,SA,"Seasonally adjusted data, not calendar adjusted data",TOTAL,Total,F,Females,PC_ACT,Percentage of population in the labour force,FI,Finland,2025-01,,8.1,,,,,
dataflow,ESTAT:TEILM020(1.0),Unemployment rate by sex,M,Monthly,SA,"Seasonally adjusted data, not calendar adjusted data",TOTAL,Total,F,Females,PC_ACT,Percentage of population in the labour force,FI,Finland,2025-02,,8.8,,,,,
dataflow,ESTAT:TEILM020(1.0),Unemployment rate by sex,M,Monthly,SA,"Seasonally adjusted data, not calendar adjusted data",TOTAL,Total,F,Females,PC_ACT,Percentage of population in the labour force,FI,Finland,2025-03,,8.6,,,,,
dataflow,ESTAT:TEILM020(1.0),Unemployment rate by sex,M,Monthly,SA,"Seasonally adjusted data, not calendar adjusted data",TOTAL,Total,F,Females,PC_ACT,Percentage of population in the labour force,FI,Finland,2025-04,,8.1,,,,,
dataflow,ESTAT:TEILM020(1.0),Unemployment rate by sex,M,Monthly,SA,"Seasonally adjusted data, not calendar adjusted data",TOTAL,Total,F,Females,PC_ACT,Percentage of population in the labour force,FI,Finland,2025-05,,8.4,,,,,
dataflow,ESTAT:TEILM020(1.0),Unemployment rate by sex,M,Monthly,SA,"Seasonally adjusted data, not calendar adjusted data",TOTAL,Total,F,Females,PC_ACT,Percentage of population in the labour force,FR,France,2024-07,,7.3,,,,,
dataflow,ESTAT:TEILM020(1.0),Unemployment rate by sex,M,Monthly,SA,"Seasonally adjusted data, not calendar adjusted data",TOTAL,Total,F,Females,PC_ACT,Percentage of population in the labour force,FR,France,2024-08,,7.1,,,,,
dataflow,ESTAT:TEILM020(1.0),Unemployment rate by sex,M,Monthly,SA,"Seasonally adjusted data, not calendar adjusted data",TOTAL,Total,F,Females,PC_ACT,Percentage of population in the labour force,FR,France,2024-09,,7.1,,,,,
dataflow,ESTAT:TEILM020(1.0),Unemployment rate by sex,M,Monthly,SA,"Seasonally adjusted data, not calendar adjusted data",TOTAL,Total,F,Females,PC_ACT,Percentage of population in the labour force,FR,France,2024-10,,7.1,,,,,
dataflow,ESTAT:TEILM020(1.0),Unemployment rate by sex,M,Monthly,SA,"Seasonally adjusted data, not calendar adjusted data",TOTAL,Total,F,Females,PC_ACT,Percentage of population in the labour force,FR,France,2024-11,,7.1,,,,,
dataflow,ESTAT:TEILM020(1.0),Unemployment rate by sex,M,Monthly,SA,"Seasonally adjusted data, not calendar adjusted data",TOTAL,Total,F,Females,PC_ACT,Percentage of population in the labour force,FR,France,2024-12,,7.1,,,,,
dataflow,ESTAT:TEILM020(1.0),Unemployment rate by sex,M,Monthly,SA,"Seasonally adjusted data, not calendar adjusted data",TOTAL,Total,F,Females,PC_ACT,Percentage of population in the labour force,FR,France,2025-01,,7.2,,,,,
dataflow,ESTAT:TEILM020(1.0),Unemployment rate by sex,M,Monthly,SA,"Seasonally adjusted data, not calendar adjusted data",TOTAL,Total,F,Females,PC_ACT,Percentage of population in the labour force,FR,France,2025-02,,7.4,,,,,
dataflow,ESTAT:TEILM020(1.0),Unemployment rate by sex,M,Monthly,SA,"Seasonally adjusted data, not calendar adjusted data",TOTAL,Total,F,Females,PC_ACT,Percentage of population in the labour force,FR,France,2025-03,,7.4,,,,,
dataflow,ESTAT:TEILM020(1.0),Unemployment rate by sex,M,Monthly,SA,"Seasonally adjusted data, not calendar adjusted data",TOTAL,Total,F,Females,PC_ACT,Percentage of population in the labour force,FR,France,2025-04,,7.1,,,,,
dataflow,ESTAT:TEILM020(1.0),Unemployment rate by sex,M,Monthly,SA,"Seasonally adjusted data, not calendar adjusted data",TOTAL,Total,F,Females,PC_ACT,Percentage of population in the labour force,FR,France,2025-05,,7.0,,,,,
dataflow,ESTAT:TEILM020(1.0),Unemployment rate by sex,M,Monthly,SA,"Seasonally adjusted data, not calendar adjusted data",TOTAL,Total,F,Females,PC_ACT,Percentage of population in the labour force,HR,Croatia,2024-07,,5.0,,,,,
dataflow,ESTAT:TEILM020(1.0),Unemployment rate by sex,M,Monthly,SA,"Seasonally adjusted data, not calendar adjusted data",TOTAL,Total,F,Females,PC_ACT,Percentage of population in the labour force,HR,Croatia,2024-08,,4.9,,,,,
dataflow,ESTAT:TEILM020(1.0),Unemployment rate by sex,M,Monthly,SA,"Seasonally adjusted data, not calendar adjusted data",TOTAL,Total,F,Females,PC_ACT,Percentage of population in the labour force,HR,Croatia,2024-09,,4.8,,,,,
dataflow,ESTAT:TEILM020(1.0),Unemployment rate by sex,M,Monthly,SA,"Seasonally adjusted data, not calendar adjusted data",TOTAL,Total,F,Females,PC_ACT,Percentage of population in the labour force,HR,Croatia,2024-10,,4.6,,,,,
dataflow,ESTAT:TEILM020(1.0),Unemployment rate by sex,M,Monthly,SA,"Seasonally adjusted data, not calendar adjusted data",TOTAL,Total,F,Females,PC_ACT,Percentage of population in the labour force,HR,Croatia,2024-11,,4.6,,,,,
dataflow,ESTAT:TEILM020(1.0),Unemployment rate by sex,M,Monthly,SA,"Seasonally adjusted data, not calendar adjusted data",TOTAL,Total,F,Females,PC_ACT,Percentage of population in the labour force,HR,Croatia,2024-12,,4.5,,,,,
dataflow,ESTAT:TEILM020(1.0),Unemployment rate by sex,M,Monthly,SA,"Seasonally adjusted data, not calendar adjusted data",TOTAL,Total,F,Females,PC_ACT,Percentage of population in the labour force,HR,Croatia,2025-01,,4.5,,,,,
dataflow,ESTAT:TEILM020(1.0),Unemployment rate by sex,M,Monthly,SA,"Seasonally adjusted data, not calendar adjusted data",TOTAL,Total,F,Females,PC_ACT,Percentage of population in the labour force,HR,Croatia,2025-02,,4.5,,,,,
dataflow,ESTAT:TEILM020(1.0),Unemployment rate by sex,M,Monthly,SA,"Seasonally adjusted data, not calendar adjusted data",TOTAL,Total,F,Females,PC_ACT,Percentage of population in the labour force,HR,Croatia,2025-03,,4.5,,,,,
dataflow,ESTAT:TEILM020(1.0),Unemployment rate by sex,M,Monthly,SA,"Seasonally adjusted data, not calendar adjusted data",TOTAL,Total,F,Females,PC_ACT,Percentage of population in the labour force,HR,Croatia,2025-04,,4.4,,,,,
dataflow,ESTAT:TEILM020(1.0),Unemployment rate by sex,M,Monthly,SA,"Seasonally adjusted data, not calendar adjusted data",TOTAL,Total,F,Females,PC_ACT,Percentage of population in the labour force,HR,Croatia,2025-05,,4.4,,,,,
dataflow,ESTAT:TEILM020(1.0),Unemployment rate by sex,M,Monthly,SA,"Seasonally adjusted data, not calendar adjusted data",TOTAL,Total,F,Females,PC_ACT,Percentage of population in the labour force,HU,Hungary,2024-07,,4.3,,,,,
dataflow,ESTAT:TEILM020(1.0),Unemployment rate by sex,M,Monthly,SA,"Seasonally adjusted data, not calendar adjusted data",TOTAL,Total,F,Females,PC_ACT,Percentage of population in the labour force,HU,Hungary,2024-08,,4.3,,,,,
dataflow,ESTAT:TEILM020(1.0),Unemployment rate by sex,M,Monthly,SA,"Seasonally adjusted data, not calendar adjusted data",TOTAL,Total,F,Females,PC_ACT,Percentage of population in the labour force,HU,Hungary,2024-09,,4.4,,,,,
dataflow,ESTAT:TEILM020(1.0),Unemployment rate by sex,M,Monthly,SA,"Seasonally adjusted data, not calendar adjusted data",TOTAL,Total,F,Females,PC_ACT,Percentage of population in the labour force,HU,Hungary,2024-10,,4.5,,,,,
dataflow,ESTAT:TEILM020(1.0),Unemployment rate by sex,M,Monthly,SA,"Seasonally adjusted data, not calendar adjusted data",TOTAL,Total,F,Females,PC_ACT,Percentage of population in the labour force,HU,Hungary,2024-11,,4.6,,,,,
dataflow,ESTAT:TEILM020(1.0),Unemployment rate by sex,M,Monthly,SA,"Seasonally adjusted data, not calendar adjusted data",TOTAL,Total,F,Females,PC_ACT,Percentage of population in the labour force,HU,Hungary,2024-12,,4.4,,,,,
dataflow,ESTAT:TEILM020(1.0),Unemployment rate by sex,M,Monthly,SA,"Seasonally adjusted data, not calendar adjusted data",TOTAL,Total,F,Females,PC_ACT,Percentage of population in the labour force,HU,Hungary,2025-01,,4.2,,,,,
dataflow,ESTAT:TEILM020(1.0),Unemployment rate by sex,M,Monthly,SA,"Seasonally adjusted data, not calendar adjusted data",TOTAL,Total,F,Females,PC_ACT,Percentage of population in the labour force,HU,Hungary,2025-02,,4.3,,,,,
dataflow,ESTAT:TEILM020(1.0),Unemployment rate by sex,M,Monthly,SA,"Seasonally adjusted data, not calendar adjusted data",TOTAL,Total,F,Females,PC_ACT,Percentage of population in the labour force,HU,Hungary,2025-03,,4.1,,,,,
dataflow,ESTAT:TEILM020(1.0),Unemployment rate by sex,M,Monthly,SA,"Seasonally adjusted data, not calendar adjusted data",TOTAL,Total,F,Females,PC_ACT,Percentage of population in the labour force,HU,Hungary,2025-04,,4.3,,,,,
dataflow,ESTAT:TEILM020(1.0),Unemployment rate by sex,M,Monthly,SA,"Seasonally adjusted data, not calendar adjusted data",TOTAL,Total,F,Females,PC_ACT,Percentage of population in the labour force,HU,Hungary,2025-05,,4.2,,,,,
dataflow,ESTAT:TEILM020(1.0),Unemployment rate by sex,M,Monthly,SA,"Seasonally adjusted data, not calendar adjusted data",TOTAL,Total,F,Females,PC_ACT,Percentage of population in the labour force,IE,Ireland,2024-07,,4.7,,,,,
dataflow,ESTAT:TEILM020(1.0),Unemployment rate by sex,M,Monthly,SA,"Seasonally adjusted data, not calendar adjusted data",TOTAL,Total,F,Females,PC_ACT,Percentage of population in the labour force,IE,Ireland,2024-08,,4.3,,,,,
dataflow,ESTAT:TEILM020(1.0),Unemployment rate by sex,M,Monthly,SA,"Seasonally adjusted data, not calendar adjusted data",TOTAL,Total,F,Females,PC_ACT,Percentage of population in the labour force,IE,Ireland,2024-09,,4.2,,,,,
dataflow,ESTAT:TEILM020(1.0),Unemployment rate by sex,M,Monthly,SA,"Seasonally adjusted data, not calendar adjusted data",TOTAL,Total,F,Females,PC_ACT,Percentage of population in the labour force,IE,Ireland,2024-10,,4.0,,,,,
dataflow,ESTAT:TEILM020(1.0),Unemployment rate by sex,M,Monthly,SA,"Seasonally adjusted data, not calendar adjusted data",TOTAL,Total,F,Females,PC_ACT,Percentage of population in the labour force,IE,Ireland,2024-11,,3.9,,,,,
dataflow,ESTAT:TEILM020(1.0),Unemployment rate by sex,M,Monthly,SA,"Seasonally adjusted data, not calendar adjusted data",TOTAL,Total,F,Females,PC_ACT,Percentage of population in the labour force,IE,Ireland,2024-12,,4.1,,,,,
dataflow,ESTAT:TEILM020(1.0),Unemployment rate by sex,M,Monthly,SA,"Seasonally adjusted data, not calendar adjusted data",TOTAL,Total,F,Females,PC_ACT,Percentage of population in the labour force,IE,Ireland,2025-01,,4.4,,,,,
dataflow,ESTAT:TEILM020(1.0),Unemployment rate by sex,M,Monthly,SA,"Seasonally adjusted data, not calendar adjusted data",TOTAL,Total,F,Females,PC_ACT,Percentage of population in the labour force,IE,Ireland,2025-02,,4.4,,,,,
dataflow,ESTAT:TEILM020(1.0),Unemployment rate by sex,M,Monthly,SA,"Seasonally adjusted data, not calendar adjusted data",TOTAL,Total,F,Females,PC_ACT,Percentage of population in the labour force,IE,Ireland,2025-03,,4.5,,,,,
dataflow,ESTAT:TEILM020(1.0),Unemployment rate by sex,M,Monthly,SA,"Seasonally adjusted data, not calendar adjusted data",TOTAL,Total,F,Females,PC_ACT,Percentage of population in the labour force,IE,Ireland,2025-04,,4.2,,,,,
dataflow,ESTAT:TEILM020(1.0),Unemployment rate by sex,M,Monthly,SA,"Seasonally adjusted data, not calendar adjusted data",TOTAL,Total,F,Females,PC_ACT,Percentage of population in the labour force,IE,Ireland,2025-05,,4.1,,,,,
dataflow,ESTAT:TEILM020(1.0),Unemployment rate by sex,M,Monthly,SA,"Seasonally adjusted data, not calendar adjusted data",TOTAL,Total,F,Females,PC_ACT,Percentage of population in the labour force,IE,Ireland,2025-06,,4.0,,,,,
dataflow,ESTAT:TEILM020(1.0),Unemployment rate by sex,M,Monthly,SA,"Seasonally adjusted data, not calendar adjusted data",TOTAL,Total,F,Females,PC_ACT,Percentage of population in the labour force,IS,Iceland,2024-07,,2.9,,,,,
dataflow,ESTAT:TEILM020(1.0),Unemployment rate by sex,M,Monthly,SA,"Seasonally adjusted data, not calendar adjusted data",TOTAL,Total,F,Females,PC_ACT,Percentage of population in the labour force,IS,Iceland,2024-08,,3.0,,,,,
dataflow,ESTAT:TEILM020(1.0),Unemployment rate by sex,M,Monthly,SA,"Seasonally adjusted data, not calendar adjusted data",TOTAL,Total,F,Females,PC_ACT,Percentage of population in the labour force,IS,Iceland,2024-09,,3.2,,,,,
dataflow,ESTAT:TEILM020(1.0),Unemployment rate by sex,M,Monthly,SA,"Seasonally adjusted data, not calendar adjusted data",TOTAL,Total,F,Females,PC_ACT,Percentage of population in the labour force,IS,Iceland,2024-10,,3.3,,,,,
dataflow,ESTAT:TEILM020(1.0),Unemployment rate by sex,M,Monthly,SA,"Seasonally adjusted data, not calendar adjusted data",TOTAL,Total,F,Females,PC_ACT,Percentage of population in the labour force,IS,Iceland,2024-11,,3.4,,,,,
dataflow,ESTAT:TEILM020(1.0),Unemployment rate by sex,M,Monthly,SA,"Seasonally adjusted data, not calendar adjusted data",TOTAL,Total,F,Females,PC_ACT,Percentage of population in the labour force,IS,Iceland,2024-12,,3.6,,,,,
dataflow,ESTAT:TEILM020(1.0),Unemployment rate by sex,M,Monthly,SA,"Seasonally adjusted data, not calendar adjusted data",TOTAL,Total,F,Females,PC_ACT,Percentage of population in the labour force,IS,Iceland,2025-01,,3.7,,,,,
dataflow,ESTAT:TEILM020(1.0),Unemployment rate by sex,M,Monthly,SA,"Seasonally adjusted data, not calendar adjusted data",TOTAL,Total,F,Females,PC_ACT,Percentage of population in the labour force,IS,Iceland,2025-02,,3.8,,,,,
dataflow,ESTAT:TEILM020(1.0),Unemployment rate by sex,M,Monthly,SA,"Seasonally adjusted data, not calendar adjusted data",TOTAL,Total,F,Females,PC_ACT,Percentage of population in the labour force,IS,Iceland,2025-03,,3.8,,,,,
dataflow,ESTAT:TEILM020(1.0),Unemployment rate by sex,M,Monthly,SA,"Seasonally adjusted data, not calendar adjusted data",TOTAL,Total,F,Females,PC_ACT,Percentage of population in the labour force,IS,Iceland,2025-04,,3.7,,,,,
dataflow,ESTAT:TEILM020(1.0),Unemployment rate by sex,M,Monthly,SA,"Seasonally adjusted data, not calendar adjusted data",TOTAL,Total,F,Females,PC_ACT,Percentage of population in the labour force,IS,Iceland,2025-05,,3.7,,,,,
dataflow,ESTAT:TEILM020(1.0),Unemployment rate by sex,M,Monthly,SA,"Seasonally adjusted data, not calendar adjusted data",TOTAL,Total,F,Females,PC_ACT,Percentage of population in the labour force,IT,Italy,2024-07,,6.8,,,,,
dataflow,ESTAT:TEILM020(1.0),Unemployment rate by sex,M,Monthly,SA,"Seasonally adjusted data, not calendar adjusted data",TOTAL,Total,F,Females,PC_ACT,Percentage of population in the labour force,IT,Italy,2024-08,,6.9,,,,,
dataflow,ESTAT:TEILM020(1.0),Unemployment rate by sex,M,Monthly,SA,"Seasonally adjusted data, not calendar adjusted data",TOTAL,Total,F,Females,PC_ACT,Percentage of population in the labour force,IT,Italy,2024-09,,6.9,,,,,
dataflow,ESTAT:TEILM020(1.0),Unemployment rate by sex,M,Monthly,SA,"Seasonally adjusted data, not calendar adjusted data",TOTAL,Total,F,Females,PC_ACT,Percentage of population in the labour force,IT,Italy,2024-10,,6.7,,,,,
dataflow,ESTAT:TEILM020(1.0),Unemployment rate by sex,M,Monthly,SA,"Seasonally adjusted data, not calendar adjusted data",TOTAL,Total,F,Females,PC_ACT,Percentage of population in the labour force,IT,Italy,2024-11,,6.6,,,,,
dataflow,ESTAT:TEILM020(1.0),Unemployment rate by sex,M,Monthly,SA,"Seasonally adjusted data, not calendar adjusted data",TOTAL,Total,F,Females,PC_ACT,Percentage of population in the labour force,IT,Italy,2024-12,,7.2,,,,,
dataflow,ESTAT:TEILM020(1.0),Unemployment rate by sex,M,Monthly,SA,"Seasonally adjusted data, not calendar adjusted data",TOTAL,Total,F,Females,PC_ACT,Percentage of population in the labour force,IT,Italy,2025-01,,7.3,,,,,
dataflow,ESTAT:TEILM020(1.0),Unemployment rate by sex,M,Monthly,SA,"Seasonally adjusted data, not calendar adjusted data",TOTAL,Total,F,Females,PC_ACT,Percentage of population in the labour force,IT,Italy,2025-02,,7.0,,,,,
dataflow,ESTAT:TEILM020(1.0),Unemployment rate by sex,M,Monthly,SA,"Seasonally adjusted data, not calendar adjusted data",TOTAL,Total,F,Females,PC_ACT,Percentage of population in the labour force,IT,Italy,2025-03,,6.9,,,,,
dataflow,ESTAT:TEILM020(1.0),Unemployment rate by sex,M,Monthly,SA,"Seasonally adjusted data, not calendar adjusted data",TOTAL,Total,F,Females,PC_ACT,Percentage of population in the labour force,IT,Italy,2025-04,,6.9,,,,,
dataflow,ESTAT:TEILM020(1.0),Unemployment rate by sex,M,Monthly,SA,"Seasonally adjusted data, not calendar adjusted data",TOTAL,Total,F,Females,PC_ACT,Percentage of population in the labour force,IT,Italy,2025-05,,7.2,,,,,
dataflow,ESTAT:TEILM020(1.0),Unemployment rate by sex,M,Monthly,SA,"Seasonally adjusted data, not calendar adjusted data",TOTAL,Total,F,Females,PC_ACT,Percentage of population in the labour force,JP,Japan,2024-07,,2.5,,,,,
dataflow,ESTAT:TEILM020(1.0),Unemployment rate by sex,M,Monthly,SA,"Seasonally adjusted data, not calendar adjusted data",TOTAL,Total,F,Females,PC_ACT,Percentage of population in the labour force,JP,Japan,2024-08,,2.4,,,,,
dataflow,ESTAT:TEILM020(1.0),Unemployment rate by sex,M,Monthly,SA,"Seasonally adjusted data, not calendar adjusted data",TOTAL,Total,F,Females,PC_ACT,Percentage of population in the labour force,JP,Japan,2024-09,,2.2,,,,,
dataflow,ESTAT:TEILM020(1.0),Unemployment rate by sex,M,Monthly,SA,"Seasonally adjusted data, not calendar adjusted data",TOTAL,Total,F,Females,PC_ACT,Percentage of population in the labour force,JP,Japan,2024-10,,2.2,,,,,
dataflow,ESTAT:TEILM020(1.0),Unemployment rate by sex,M,Monthly,SA,"Seasonally adjusted data, not calendar adjusted data",TOTAL,Total,F,Females,PC_ACT,Percentage of population in the labour force,JP,Japan,2024-11,,2.4,,,,,
dataflow,ESTAT:TEILM020(1.0),Unemployment rate by sex,M,Monthly,SA,"Seasonally adjusted data, not calendar adjusted data",TOTAL,Total,F,Females,PC_ACT,Percentage of population in the labour force,JP,Japan,2024-12,,2.5,,,,,
dataflow,ESTAT:TEILM020(1.0),Unemployment rate by sex,M,Monthly,SA,"Seasonally adjusted data, not calendar adjusted data",TOTAL,Total,F,Females,PC_ACT,Percentage of population in the labour force,JP,Japan,2025-01,,2.3,,,,,
dataflow,ESTAT:TEILM020(1.0),Unemployment rate by sex,M,Monthly,SA,"Seasonally adjusted data, not calendar adjusted data",TOTAL,Total,F,Females,PC_ACT,Percentage of population in the labour force,JP,Japan,2025-02,,2.3,,,,,
dataflow,ESTAT:TEILM020(1.0),Unemployment rate by sex,M,Monthly,SA,"Seasonally adjusted data, not calendar adjusted data",TOTAL,Total,F,Females,PC_ACT,Percentage of population in the labour force,JP,Japan,2025-03,,2.2,,,,,
dataflow,ESTAT:TEILM020(1.0),Unemployment rate by sex,M,Monthly,SA,"Seasonally adjusted data, not calendar adjusted data",TOTAL,Total,F,Females,PC_ACT,Percentage of population in the labour force,JP,Japan,2025-04,,2.3,,,,,
dataflow,ESTAT:TEILM020(1.0),Unemployment rate by sex,M,Monthly,SA,"Seasonally adjusted data, not calendar adjusted data",TOTAL,Total,F,Females,PC_ACT,Percentage of population in the labour force,JP,Japan,2025-05,,2.3,,,,,
dataflow,ESTAT:TEILM020(1.0),Unemployment rate by sex,M,Monthly,SA,"Seasonally adjusted data, not calendar adjusted data",TOTAL,Total,F,Females,PC_ACT,Percentage of population in the labour force,LT,Lithuania,2024-07,,6.5,,,,,
dataflow,ESTAT:TEILM020(1.0),Unemployment rate by sex,M,Monthly,SA,"Seasonally adjusted data, not calendar adjusted data",TOTAL,Total,F,Females,PC_ACT,Percentage of population in the labour force,LT,Lithuania,2024-08,,6.5,,,,,
dataflow,ESTAT:TEILM020(1.0),Unemployment rate by sex,M,Monthly,SA,"Seasonally adjusted data, not calendar adjusted data",TOTAL,Total,F,Females,PC_ACT,Percentage of population in the labour force,LT,Lithuania,2024-09,,6.4,,,,,
dataflow,ESTAT:TEILM020(1.0),Unemployment rate by sex,M,Monthly,SA,"Seasonally adjusted data, not calendar adjusted data",TOTAL,Total,F,Females,PC_ACT,Percentage of population in the labour force,LT,Lithuania,2024-10,,6.1,,,,,
dataflow,ESTAT:TEILM020(1.0),Unemployment rate by sex,M,Monthly,SA,"Seasonally adjusted data, not calendar adjusted data",TOTAL,Total,F,Females,PC_ACT,Percentage of population in the labour force,LT,Lithuania,2024-11,,5.7,,,,,
dataflow,ESTAT:TEILM020(1.0),Unemployment rate by sex,M,Monthly,SA,"Seasonally adjusted data, not calendar adjusted data",TOTAL,Total,F,Females,PC_ACT,Percentage of population in the labour force,LT,Lithuania,2024-12,,5.7,,,,,
dataflow,ESTAT:TEILM020(1.0),Unemployment rate by sex,M,Monthly,SA,"Seasonally adjusted data, not calendar adjusted data",TOTAL,Total,F,Females,PC_ACT,Percentage of population in the labour force,LT,Lithuania,2025-01,,5.5,,,,,
dataflow,ESTAT:TEILM020(1.0),Unemployment rate by sex,M,Monthly,SA,"Seasonally adjusted data, not calendar adjusted data",TOTAL,Total,F,Females,PC_ACT,Percentage of population in the labour force,LT,Lithuania,2025-02,,5.3,,,,,
dataflow,ESTAT:TEILM020(1.0),Unemployment rate by sex,M,Monthly,SA,"Seasonally adjusted data, not calendar adjusted data",TOTAL,Total,F,Females,PC_ACT,Percentage of population in the labour force,LT,Lithuania,2025-03,,5.1,,,,,
dataflow,ESTAT:TEILM020(1.0),Unemployment rate by sex,M,Monthly,SA,"Seasonally adjusted data, not calendar adjusted data",TOTAL,Total,F,Females,PC_ACT,Percentage of population in the labour force,LT,Lithuania,2025-04,,5.2,,,,,
dataflow,ESTAT:TEILM020(1.0),Unemployment rate by sex,M,Monthly,SA,"Seasonally adjusted data, not calendar adjusted data",TOTAL,Total,F,Females,PC_ACT,Percentage of population in the labour force,LT,Lithuania,2025-05,,5.6,,,,,
dataflow,ESTAT:TEILM020(1.0),Unemployment rate by sex,M,Monthly,SA,"Seasonally adjusted data, not calendar adjusted data",TOTAL,Total,F,Females,PC_ACT,Percentage of population in the labour force,LU,Luxembourg,2024-07,,6.2,,,,,
dataflow,ESTAT:TEILM020(1.0),Unemployment rate by sex,M,Monthly,SA,"Seasonally adjusted data, not calendar adjusted data",TOTAL,Total,F,Females,PC_ACT,Percentage of population in the labour force,LU,Luxembourg,2024-08,,6.3,,,,,
dataflow,ESTAT:TEILM020(1.0),Unemployment rate by sex,M,Monthly,SA,"Seasonally adjusted data, not calendar adjusted data",TOTAL,Total,F,Females,PC_ACT,Percentage of population in the labour force,LU,Luxembourg,2024-09,,6.4,,,,,
dataflow,ESTAT:TEILM020(1.0),Unemployment rate by sex,M,Monthly,SA,"Seasonally adjusted data, not calendar adjusted data",TOTAL,Total,F,Females,PC_ACT,Percentage of population in the labour force,LU,Luxembourg,2024-10,,6.5,,,,,
dataflow,ESTAT:TEILM020(1.0),Unemployment rate by sex,M,Monthly,SA,"Seasonally adjusted data, not calendar adjusted data",TOTAL,Total,F,Females,PC_ACT,Percentage of population in the labour force,LU,Luxembourg,2024-11,,6.5,,,,,
dataflow,ESTAT:TEILM020(1.0),Unemployment rate by sex,M,Monthly,SA,"Seasonally adjusted data, not calendar adjusted data",TOTAL,Total,F,Females,PC_ACT,Percentage of population in the labour force,LU,Luxembourg,2024-12,,6.4,,,,,
dataflow,ESTAT:TEILM020(1.0),Unemployment rate by sex,M,Monthly,SA,"Seasonally adjusted data, not calendar adjusted data",TOTAL,Total,F,Females,PC_ACT,Percentage of population in the labour force,LU,Luxembourg,2025-01,,6.5,,,,,
dataflow,ESTAT:TEILM020(1.0),Unemployment rate by sex,M,Monthly,SA,"Seasonally adjusted data, not calendar adjusted data",TOTAL,Total,F,Females,PC_ACT,Percentage of population in the labour force,LU,Luxembourg,2025-02,,6.5,,,,,
dataflow,ESTAT:TEILM020(1.0),Unemployment rate by sex,M,Monthly,SA,"Seasonally adjusted data, not calendar adjusted data",TOTAL,Total,F,Females,PC_ACT,Percentage of population in the labour force,LU,Luxembourg,2025-03,,6.4,,,,,
dataflow,ESTAT:TEILM020(1.0),Unemployment rate by sex,M,Monthly,SA,"Seasonally adjusted data, not calendar adjusted data",TOTAL,Total,F,Females,PC_ACT,Percentage of population in the labour force,LU,Luxembourg,2025-04,,6.5,,,,,
dataflow,ESTAT:TEILM020(1.0),Unemployment rate by sex,M,Monthly,SA,"Seasonally adjusted data, not calendar adjusted data",TOTAL,Total,F,Females,PC_ACT,Percentage of population in the labour force,LU,Luxembourg,2025-05,,6.5,,,,,
dataflow,ESTAT:TEILM020(1.0),Unemployment rate by sex,M,Monthly,SA,"Seasonally adjusted data, not calendar adjusted data",TOTAL,Total,F,Females,PC_ACT,Percentage of population in the labour force,LV,Latvia,2024-07,,5.5,,,,,
dataflow,ESTAT:TEILM020(1.0),Unemployment rate by sex,M,Monthly,SA,"Seasonally adjusted data, not calendar adjusted data",TOTAL,Total,F,Females,PC_ACT,Percentage of population in the labour force,LV,Latvia,2024-08,,5.5,,,,,
dataflow,ESTAT:TEILM020(1.0),Unemployment rate by sex,M,Monthly,SA,"Seasonally adjusted data, not calendar adjusted data",TOTAL,Total,F,Females,PC_ACT,Percentage of population in the labour force,LV,Latvia,2024-09,,5.4,,,,,
dataflow,ESTAT:TEILM020(1.0),Unemployment rate by sex,M,Monthly,SA,"Seasonally adjusted data, not calendar adjusted data",TOTAL,Total,F,Females,PC_ACT,Percentage of population in the labour force,LV,Latvia,2024-10,,5.5,,,,,
dataflow,ESTAT:TEILM020(1.0),Unemployment rate by sex,M,Monthly,SA,"Seasonally adjusted data, not calendar adjusted data",TOTAL,Total,F,Females,PC_ACT,Percentage of population in the labour force,LV,Latvia,2024-11,,5.6,,,,,
dataflow,ESTAT:TEILM020(1.0),Unemployment rate by sex,M,Monthly,SA,"Seasonally adjusted data, not calendar adjusted data",TOTAL,Total,F,Females,PC_ACT,Percentage of population in the labour force,LV,Latvia,2024-12,,5.7,,,,,
dataflow,ESTAT:TEILM020(1.0),Unemployment rate by sex,M,Monthly,SA,"Seasonally adjusted data, not calendar adjusted data",TOTAL,Total,F,Females,PC_ACT,Percentage of population in the labour force,LV,Latvia,2025-01,,5.9,,,,,
dataflow,ESTAT:TEILM020(1.0),Unemployment rate by sex,M,Monthly,SA,"Seasonally adjusted data, not calendar adjusted data",TOTAL,Total,F,Females,PC_ACT,Percentage of population in the labour force,LV,Latvia,2025-02,,6.1,,,,,
dataflow,ESTAT:TEILM020(1.0),Unemployment rate by sex,M,Monthly,SA,"Seasonally adjusted data, not calendar adjusted data",TOTAL,Total,F,Females,PC_ACT,Percentage of population in the labour force,LV,Latvia,2025-03,,6.3,,,,,
dataflow,ESTAT:TEILM020(1.0),Unemployment rate by sex,M,Monthly,SA,"Seasonally adjusted data, not calendar adjusted data",TOTAL,Total,F,Females,PC_ACT,Percentage of population in the labour force,LV,Latvia,2025-04,,6.5,,,,,
dataflow,ESTAT:TEILM020(1.0),Unemployment rate by sex,M,Monthly,SA,"Seasonally adjusted data, not calendar adjusted data",TOTAL,Total,F,Females,PC_ACT,Percentage of population in the labour force,LV,Latvia,2025-05,,6.7,,,,,
dataflow,ESTAT:TEILM020(1.0),Unemployment rate by sex,M,Monthly,SA,"Seasonally adjusted data, not calendar adjusted data",TOTAL,Total,F,Females,PC_ACT,Percentage of population in the labour force,MT,Malta,2024-07,,2.7,,,,,
dataflow,ESTAT:TEILM020(1.0),Unemployment rate by sex,M,Monthly,SA,"Seasonally adjusted data, not calendar adjusted data",TOTAL,Total,F,Females,PC_ACT,Percentage of population in the labour force,MT,Malta,2024-08,,3.0,,,,,
dataflow,ESTAT:TEILM020(1.0),Unemployment rate by sex,M,Monthly,SA,"Seasonally adjusted data, not calendar adjusted data",TOTAL,Total,F,Females,PC_ACT,Percentage of population in the labour force,MT,Malta,2024-09,,2.9,,,,,
dataflow,ESTAT:TEILM020(1.0),Unemployment rate by sex,M,Monthly,SA,"Seasonally adjusted data, not calendar adjusted data",TOTAL,Total,F,Females,PC_ACT,Percentage of population in the labour force,MT,Malta,2024-10,,2.9,,,,,
dataflow,ESTAT:TEILM020(1.0),Unemployment rate by sex,M,Monthly,SA,"Seasonally adjusted data, not calendar adjusted data",TOTAL,Total,F,Females,PC_ACT,Percentage of population in the labour force,MT,Malta,2024-11,,2.9,,,,,
dataflow,ESTAT:TEILM020(1.0),Unemployment rate by sex,M,Monthly,SA,"Seasonally adjusted data, not calendar adjusted data",TOTAL,Total,F,Females,PC_ACT,Percentage of population in the labour force,MT,Malta,2024-12,,3.2,,,,,
dataflow,ESTAT:TEILM020(1.0),Unemployment rate by sex,M,Monthly,SA,"Seasonally adjusted data, not calendar adjusted data",TOTAL,Total,F,Females,PC_ACT,Percentage of population in the labour force,MT,Malta,2025-01,,3.1,,,,,
dataflow,ESTAT:TEILM020(1.0),Unemployment rate by sex,M,Monthly,SA,"Seasonally adjusted data, not calendar adjusted data",TOTAL,Total,F,Females,PC_ACT,Percentage of population in the labour force,MT,Malta,2025-02,,2.8,,,,,
dataflow,ESTAT:TEILM020(1.0),Unemployment rate by sex,M,Monthly,SA,"Seasonally adjusted data, not calendar adjusted data",TOTAL,Total,F,Females,PC_ACT,Percentage of population in the labour force,MT,Malta,2025-03,,2.7,,,,,
dataflow,ESTAT:TEILM020(1.0),Unemployment rate by sex,M,Monthly,SA,"Seasonally adjusted data, not calendar adjusted data",TOTAL,Total,F,Females,PC_ACT,Percentage of population in the labour force,MT,Malta,2025-04,,2.6,,,,,
dataflow,ESTAT:TEILM020(1.0),Unemployment rate by sex,M,Monthly,SA,"Seasonally adjusted data, not calendar adjusted data",TOTAL,Total,F,Females,PC_ACT,Percentage of population in the labour force,MT,Malta,2025-05,,2.6,,,,,
dataflow,ESTAT:TEILM020(1.0),Unemployment rate by sex,M,Monthly,SA,"Seasonally adjusted data, not calendar adjusted data",TOTAL,Total,F,Females,PC_ACT,Percentage of population in the labour force,NL,Netherlands,2024-07,,3.8,,,,,
dataflow,ESTAT:TEILM020(1.0),Unemployment rate by sex,M,Monthly,SA,"Seasonally adjusted data, not calendar adjusted data",TOTAL,Total,F,Females,PC_ACT,Percentage of population in the labour force,NL,Netherlands,2024-08,,3.9,,,,,
dataflow,ESTAT:TEILM020(1.0),Unemployment rate by sex,M,Monthly,SA,"Seasonally adjusted data, not calendar adjusted data",TOTAL,Total,F,Females,PC_ACT,Percentage of population in the labour force,NL,Netherlands,2024-09,,3.9,,,,,
dataflow,ESTAT:TEILM020(1.0),Unemployment rate by sex,M,Monthly,SA,"Seasonally adjusted data, not calendar adjusted data",TOTAL,Total,F,Females,PC_ACT,Percentage of population in the labour force,NL,Netherlands,2024-10,,3.9,,,,,
dataflow,ESTAT:TEILM020(1.0),Unemployment rate by sex,M,Monthly,SA,"Seasonally adjusted data, not calendar adjusted data",TOTAL,Total,F,Females,PC_ACT,Percentage of population in the labour force,NL,Netherlands,2024-11,,3.9,,,,,
dataflow,ESTAT:TEILM020(1.0),Unemployment rate by sex,M,Monthly,SA,"Seasonally adjusted data, not calendar adjusted data",TOTAL,Total,F,Females,PC_ACT,Percentage of population in the labour force,NL,Netherlands,2024-12,,3.9,,,,,
dataflow,ESTAT:TEILM020(1.0),Unemployment rate by sex,M,Monthly,SA,"Seasonally adjusted data, not calendar adjusted data",TOTAL,Total,F,Females,PC_ACT,Percentage of population in the labour force,NL,Netherlands,2025-01,,4.0,,,,,
dataflow,ESTAT:TEILM020(1.0),Unemployment rate by sex,M,Monthly,SA,"Seasonally adjusted data, not calendar adjusted data",TOTAL,Total,F,Females,PC_ACT,Percentage of population in the labour force,NL,Netherlands,2025-02,,4.0,,,,,
dataflow,ESTAT:TEILM020(1.0),Unemployment rate by sex,M,Monthly,SA,"Seasonally adjusted data, not calendar adjusted data",TOTAL,Total,F,Females,PC_ACT,Percentage of population in the labour force,NL,Netherlands,2025-03,,4.1,,,,,
dataflow,ESTAT:TEILM020(1.0),Unemployment rate by sex,M,Monthly,SA,"Seasonally adjusted data, not calendar adjusted data",TOTAL,Total,F,Females,PC_ACT,Percentage of population in the labour force,NL,Netherlands,2025-04,,4.0,,,,,
dataflow,ESTAT:TEILM020(1.0),Unemployment rate by sex,M,Monthly,SA,"Seasonally adjusted data, not calendar adjusted data",TOTAL,Total,F,Females,PC_ACT,Percentage of population in the labour force,NL,Netherlands,2025-05,,3.9,,,,,
dataflow,ESTAT:TEILM020(1.0),Unemployment rate by sex,M,Monthly,SA,"Seasonally adjusted data, not calendar adjusted data",TOTAL,Total,F,Females,PC_ACT,Percentage of population in the labour force,NO,Norway,2024-07,,3.6,,,,,
dataflow,ESTAT:TEILM020(1.0),Unemployment rate by sex,M,Monthly,SA,"Seasonally adjusted data, not calendar adjusted data",TOTAL,Total,F,Females,PC_ACT,Percentage of population in the labour force,NO,Norway,2024-08,,3.8,,,,,
dataflow,ESTAT:TEILM020(1.0),Unemployment rate by sex,M,Monthly,SA,"Seasonally adjusted data, not calendar adjusted data",TOTAL,Total,F,Females,PC_ACT,Percentage of population in the labour force,NO,Norway,2024-09,,3.8,,,,,
dataflow,ESTAT:TEILM020(1.0),Unemployment rate by sex,M,Monthly,SA,"Seasonally adjusted data, not calendar adjusted data",TOTAL,Total,F,Females,PC_ACT,Percentage of population in the labour force,NO,Norway,2024-10,,3.9,,,,,
dataflow,ESTAT:TEILM020(1.0),Unemployment rate by sex,M,Monthly,SA,"Seasonally adjusted data, not calendar adjusted data",TOTAL,Total,F,Females,PC_ACT,Percentage of population in the labour force,NO,Norway,2024-11,,3.6,,,,,
dataflow,ESTAT:TEILM020(1.0),Unemployment rate by sex,M,Monthly,SA,"Seasonally adjusted data, not calendar adjusted data",TOTAL,Total,F,Females,PC_ACT,Percentage of population in the labour force,NO,Norway,2024-12,,4.1,,,,,
dataflow,ESTAT:TEILM020(1.0),Unemployment rate by sex,M,Monthly,SA,"Seasonally adjusted data, not calendar adjusted data",TOTAL,Total,F,Females,PC_ACT,Percentage of population in the labour force,NO,Norway,2025-01,,3.6,,,,,
dataflow,ESTAT:TEILM020(1.0),Unemployment rate by sex,M,Monthly,SA,"Seasonally adjusted data, not calendar adjusted data",TOTAL,Total,F,Females,PC_ACT,Percentage of population in the labour force,NO,Norway,2025-02,,3.9,,,,,
dataflow,ESTAT:TEILM020(1.0),Unemployment rate by sex,M,Monthly,SA,"Seasonally adjusted data, not calendar adjusted data",TOTAL,Total,F,Females,PC_ACT,Percentage of population in the labour force,NO,Norway,2025-03,,4.3,,,,,
dataflow,ESTAT:TEILM020(1.0),Unemployment rate by sex,M,Monthly,SA,"Seasonally adjusted data, not calendar adjusted data",TOTAL,Total,F,Females,PC_ACT,Percentage of population in the labour force,NO,Norway,2025-04,,4.3,,,,,
dataflow,ESTAT:TEILM020(1.0),Unemployment rate by sex,M,Monthly,SA,"Seasonally adjusted data, not calendar adjusted data",TOTAL,Total,F,Females,PC_ACT,Percentage of population in the labour force,NO,Norway,2025-05,,4.5,,,,,
dataflow,ESTAT:TEILM020(1.0),Unemployment rate by sex,M,Monthly,SA,"Seasonally adjusted data, not calendar adjusted data",TOTAL,Total,F,Females,PC_ACT,Percentage of population in the labour force,PL,Poland,2024-07,,3.3,,,,,
dataflow,ESTAT:TEILM020(1.0),Unemployment rate by sex,M,Monthly,SA,"Seasonally adjusted data, not calendar adjusted data",TOTAL,Total,F,Females,PC_ACT,Percentage of population in the labour force,PL,Poland,2024-08,,3.4,,,,,
dataflow,ESTAT:TEILM020(1.0),Unemployment rate by sex,M,Monthly,SA,"Seasonally adjusted data, not calendar adjusted data",TOTAL,Total,F,Females,PC_ACT,Percentage of population in the labour force,PL,Poland,2024-09,,3.4,,,,,
dataflow,ESTAT:TEILM020(1.0),Unemployment rate by sex,M,Monthly,SA,"Seasonally adjusted data, not calendar adjusted data",TOTAL,Total,F,Females,PC_ACT,Percentage of population in the labour force,PL,Poland,2024-10,,3.2,,,,,
dataflow,ESTAT:TEILM020(1.0),Unemployment rate by sex,M,Monthly,SA,"Seasonally adjusted data, not calendar adjusted data",TOTAL,Total,F,Females,PC_ACT,Percentage of population in the labour force,PL,Poland,2024-11,,3.1,,,,,
dataflow,ESTAT:TEILM020(1.0),Unemployment rate by sex,M,Monthly,SA,"Seasonally adjusted data, not calendar adjusted data",TOTAL,Total,F,Females,PC_ACT,Percentage of population in the labour force,PL,Poland,2024-12,,3.1,,,,,
dataflow,ESTAT:TEILM020(1.0),Unemployment rate by sex,M,Monthly,SA,"Seasonally adjusted data, not calendar adjusted data",TOTAL,Total,F,Females,PC_ACT,Percentage of population in the labour force,PL,Poland,2025-01,,3.2,,,,,
dataflow,ESTAT:TEILM020(1.0),Unemployment rate by sex,M,Monthly,SA,"Seasonally adjusted data, not calendar adjusted data",TOTAL,Total,F,Females,PC_ACT,Percentage of population in the labour force,PL,Poland,2025-02,,3.4,,,,,
dataflow,ESTAT:TEILM020(1.0),Unemployment rate by sex,M,Monthly,SA,"Seasonally adjusted data, not calendar adjusted data",TOTAL,Total,F,Females,PC_ACT,Percentage of population in the labour force,PL,Poland,2025-03,,3.4,,,,,
dataflow,ESTAT:TEILM020(1.0),Unemployment rate by sex,M,Monthly,SA,"Seasonally adjusted data, not calendar adjusted data",TOTAL,Total,F,Females,PC_ACT,Percentage of population in the labour force,PL,Poland,2025-04,,3.5,,,,,
dataflow,ESTAT:TEILM020(1.0),Unemployment rate by sex,M,Monthly,SA,"Seasonally adjusted data, not calendar adjusted data",TOTAL,Total,F,Females,PC_ACT,Percentage of population in the labour force,PL,Poland,2025-05,,3.5,,,,,
dataflow,ESTAT:TEILM020(1.0),Unemployment rate by sex,M,Monthly,SA,"Seasonally adjusted data, not calendar adjusted data",TOTAL,Total,F,Females,PC_ACT,Percentage of population in the labour force,PT,Portugal,2024-07,,6.3,,,,,
dataflow,ESTAT:TEILM020(1.0),Unemployment rate by sex,M,Monthly,SA,"Seasonally adjusted data, not calendar adjusted data",TOTAL,Total,F,Females,PC_ACT,Percentage of population in the labour force,PT,Portugal,2024-08,,6.5,,,,,
dataflow,ESTAT:TEILM020(1.0),Unemployment rate by sex,M,Monthly,SA,"Seasonally adjusted data, not calendar adjusted data",TOTAL,Total,F,Females,PC_ACT,Percentage of population in the labour force,PT,Portugal,2024-09,,6.8,,,,,
dataflow,ESTAT:TEILM020(1.0),Unemployment rate by sex,M,Monthly,SA,"Seasonally adjusted data, not calendar adjusted data",TOTAL,Total,F,Females,PC_ACT,Percentage of population in the labour force,PT,Portugal,2024-10,,7.0,,,,,
dataflow,ESTAT:TEILM020(1.0),Unemployment rate by sex,M,Monthly,SA,"Seasonally adjusted data, not calendar adjusted data",TOTAL,Total,F,Females,PC_ACT,Percentage of population in the labour force,PT,Portugal,2024-11,,6.8,,,,,
dataflow,ESTAT:TEILM020(1.0),Unemployment rate by sex,M,Monthly,SA,"Seasonally adjusted data, not calendar adjusted data",TOTAL,Total,F,Females,PC_ACT,Percentage of population in the labour force,PT,Portugal,2024-12,,6.7,,,,,
dataflow,ESTAT:TEILM020(1.0),Unemployment rate by sex,M,Monthly,SA,"Seasonally adjusted data, not calendar adjusted data",TOTAL,Total,F,Females,PC_ACT,Percentage of population in the labour force,PT,Portugal,2025-01,,6.8,,,,,
dataflow,ESTAT:TEILM020(1.0),Unemployment rate by sex,M,Monthly,SA,"Seasonally adjusted data, not calendar adjusted data",TOTAL,Total,F,Females,PC_ACT,Percentage of population in the labour force,PT,Portugal,2025-02,,6.9,,,,,
dataflow,ESTAT:TEILM020(1.0),Unemployment rate by sex,M,Monthly,SA,"Seasonally adjusted data, not calendar adjusted data",TOTAL,Total,F,Females,PC_ACT,Percentage of population in the labour force,PT,Portugal,2025-03,,7.0,,,,,
dataflow,ESTAT:TEILM020(1.0),Unemployment rate by sex,M,Monthly,SA,"Seasonally adjusted data, not calendar adjusted data",TOTAL,Total,F,Females,PC_ACT,Percentage of population in the labour force,PT,Portugal,2025-04,,6.9,,,,,
dataflow,ESTAT:TEILM020(1.0),Unemployment rate by sex,M,Monthly,SA,"Seasonally adjusted data, not calendar adjusted data",TOTAL,Total,F,Females,PC_ACT,Percentage of population in the labour force,PT,Portugal,2025-05,,6.8,,,,,
dataflow,ESTAT:TEILM020(1.0),Unemployment rate by sex,M,Monthly,SA,"Seasonally adjusted data, not calendar adjusted data",TOTAL,Total,F,Females,PC_ACT,Percentage of population in the labour force,RO,Romania,2024-07,,5.1,,,,,
dataflow,ESTAT:TEILM020(1.0),Unemployment rate by sex,M,Monthly,SA,"Seasonally adjusted data, not calendar adjusted data",TOTAL,Total,F,Females,PC_ACT,Percentage of population in the labour force,RO,Romania,2024-08,,5.0,,,,,
dataflow,ESTAT:TEILM020(1.0),Unemployment rate by sex,M,Monthly,SA,"Seasonally adjusted data, not calendar adjusted data",TOTAL,Total,F,Females,PC_ACT,Percentage of population in the labour force,RO,Romania,2024-09,,5.1,,,,,
dataflow,ESTAT:TEILM020(1.0),Unemployment rate by sex,M,Monthly,SA,"Seasonally adjusted data, not calendar adjusted data",TOTAL,Total,F,Females,PC_ACT,Percentage of population in the labour force,RO,Romania,2024-10,,5.4,,,,,
dataflow,ESTAT:TEILM020(1.0),Unemployment rate by sex,M,Monthly,SA,"Seasonally adjusted data, not calendar adjusted data",TOTAL,Total,F,Females,PC_ACT,Percentage of population in the labour force,RO,Romania,2024-11,,5.4,,,,,
dataflow,ESTAT:TEILM020(1.0),Unemployment rate by sex,M,Monthly,SA,"Seasonally adjusted data, not calendar adjusted data",TOTAL,Total,F,Females,PC_ACT,Percentage of population in the labour force,RO,Romania,2024-12,,5.3,,,,,
dataflow,ESTAT:TEILM020(1.0),Unemployment rate by sex,M,Monthly,SA,"Seasonally adjusted data, not calendar adjusted data",TOTAL,Total,F,Females,PC_ACT,Percentage of population in the labour force,RO,Romania,2025-01,,5.9,,,,,
dataflow,ESTAT:TEILM020(1.0),Unemployment rate by sex,M,Monthly,SA,"Seasonally adjusted data, not calendar adjusted data",TOTAL,Total,F,Females,PC_ACT,Percentage of population in the labour force,RO,Romania,2025-02,,6.1,,,,,
dataflow,ESTAT:TEILM020(1.0),Unemployment rate by sex,M,Monthly,SA,"Seasonally adjusted data, not calendar adjusted data",TOTAL,Total,F,Females,PC_ACT,Percentage of population in the labour force,RO,Romania,2025-03,,6.2,,,,,
dataflow,ESTAT:TEILM020(1.0),Unemployment rate by sex,M,Monthly,SA,"Seasonally adjusted data, not calendar adjusted data",TOTAL,Total,F,Females,PC_ACT,Percentage of population in the labour force,RO,Romania,2025-04,,5.5,,,,,
dataflow,ESTAT:TEILM020(1.0),Unemployment rate by sex,M,Monthly,SA,"Seasonally adjusted data, not calendar adjusted data",TOTAL,Total,F,Females,PC_ACT,Percentage of population in the labour force,RO,Romania,2025-05,,5.6,,,,,
dataflow,ESTAT:TEILM020(1.0),Unemployment rate by sex,M,Monthly,SA,"Seasonally adjusted data, not calendar adjusted data",TOTAL,Total,F,Females,PC_ACT,Percentage of population in the labour force,SE,Sweden,2024-07,,8.4,,,,,
dataflow,ESTAT:TEILM020(1.0),Unemployment rate by sex,M,Monthly,SA,"Seasonally adjusted data, not calendar adjusted data",TOTAL,Total,F,Females,PC_ACT,Percentage of population in the labour force,SE,Sweden,2024-08,,8.4,,,,,
dataflow,ESTAT:TEILM020(1.0),Unemployment rate by sex,M,Monthly,SA,"Seasonally adjusted data, not calendar adjusted data",TOTAL,Total,F,Females,PC_ACT,Percentage of population in the labour force,SE,Sweden,2024-09,,9.2,,,,,
dataflow,ESTAT:TEILM020(1.0),Unemployment rate by sex,M,Monthly,SA,"Seasonally adjusted data, not calendar adjusted data",TOTAL,Total,F,Females,PC_ACT,Percentage of population in the labour force,SE,Sweden,2024-10,,8.7,,,,,
dataflow,ESTAT:TEILM020(1.0),Unemployment rate by sex,M,Monthly,SA,"Seasonally adjusted data, not calendar adjusted data",TOTAL,Total,F,Females,PC_ACT,Percentage of population in the labour force,SE,Sweden,2024-11,,8.6,,,,,
dataflow,ESTAT:TEILM020(1.0),Unemployment rate by sex,M,Monthly,SA,"Seasonally adjusted data, not calendar adjusted data",TOTAL,Total,F,Females,PC_ACT,Percentage of population in the labour force,SE,Sweden,2024-12,,8.8,,,,,
dataflow,ESTAT:TEILM020(1.0),Unemployment rate by sex,M,Monthly,SA,"Seasonally adjusted data, not calendar adjusted data",TOTAL,Total,F,Females,PC_ACT,Percentage of population in the labour force,SE,Sweden,2025-01,,9.9,,,,,
dataflow,ESTAT:TEILM020(1.0),Unemployment rate by sex,M,Monthly,SA,"Seasonally adjusted data, not calendar adjusted data",TOTAL,Total,F,Females,PC_ACT,Percentage of population in the labour force,SE,Sweden,2025-02,,9.0,,,,,
dataflow,ESTAT:TEILM020(1.0),Unemployment rate by sex,M,Monthly,SA,"Seasonally adjusted data, not calendar adjusted data",TOTAL,Total,F,Females,PC_ACT,Percentage of population in the labour force,SE,Sweden,2025-03,,8.5,,,,,
dataflow,ESTAT:TEILM020(1.0),Unemployment rate by sex,M,Monthly,SA,"Seasonally adjusted data, not calendar adjusted data",TOTAL,Total,F,Females,PC_ACT,Percentage of population in the labour force,SE,Sweden,2025-04,,8.6,,,,,
dataflow,ESTAT:TEILM020(1.0),Unemployment rate by sex,M,Monthly,SA,"Seasonally adjusted data, not calendar adjusted data",TOTAL,Total,F,Females,PC_ACT,Percentage of population in the labour force,SE,Sweden,2025-05,,10.0,,,,,
dataflow,ESTAT:TEILM020(1.0),Unemployment rate by sex,M,Monthly,SA,"Seasonally adjusted data, not calendar adjusted data",TOTAL,Total,F,Females,PC_ACT,Percentage of population in the labour force,SI,Slovenia,2024-07,,4.1,,,,,
dataflow,ESTAT:TEILM020(1.0),Unemployment rate by sex,M,Monthly,SA,"Seasonally adjusted data, not calendar adjusted data",TOTAL,Total,F,Females,PC_ACT,Percentage of population in the labour force,SI,Slovenia,2024-08,,4.2,,,,,
dataflow,ESTAT:TEILM020(1.0),Unemployment rate by sex,M,Monthly,SA,"Seasonally adjusted data, not calendar adjusted data",TOTAL,Total,F,Females,PC_ACT,Percentage of population in the labour force,SI,Slovenia,2024-09,,4.3,,,,,
dataflow,ESTAT:TEILM020(1.0),Unemployment rate by sex,M,Monthly,SA,"Seasonally adjusted data, not calendar adjusted data",TOTAL,Total,F,Females,PC_ACT,Percentage of population in the labour force,SI,Slovenia,2024-10,,4.4,,,,,
dataflow,ESTAT:TEILM020(1.0),Unemployment rate by sex,M,Monthly,SA,"Seasonally adjusted data, not calendar adjusted data",TOTAL,Total,F,Females,PC_ACT,Percentage of population in the labour force,SI,Slovenia,2024-11,,4.3,,,,,
dataflow,ESTAT:TEILM020(1.0),Unemployment rate by sex,M,Monthly,SA,"Seasonally adjusted data, not calendar adjusted data",TOTAL,Total,F,Females,PC_ACT,Percentage of population in the labour force,SI,Slovenia,2024-12,,4.3,,,,,
dataflow,ESTAT:TEILM020(1.0),Unemployment rate by sex,M,Monthly,SA,"Seasonally adjusted data, not calendar adjusted data",TOTAL,Total,F,Females,PC_ACT,Percentage of population in the labour force,SI,Slovenia,2025-01,,4.3,,,,,
dataflow,ESTAT:TEILM020(1.0),Unemployment rate by sex,M,Monthly,SA,"Seasonally adjusted data, not calendar adjusted data",TOTAL,Total,F,Females,PC_ACT,Percentage of population in the labour force,SI,Slovenia,2025-02,,4.3,,,,,
dataflow,ESTAT:TEILM020(1.0),Unemployment rate by sex,M,Monthly,SA,"Seasonally adjusted data, not calendar adjusted data",TOTAL,Total,F,Females,PC_ACT,Percentage of population in the labour force,SI,Slovenia,2025-03,,4.3,,,,,
dataflow,ESTAT:TEILM020(1.0),Unemployment rate by sex,M,Monthly,SA,"Seasonally adjusted data, not calendar adjusted data",TOTAL,Total,F,Females,PC_ACT,Percentage of population in the labour force,SI,Slovenia,2025-04,,4.5,,,,,
dataflow,ESTAT:TEILM020(1.0),Unemployment rate by sex,M,Monthly,SA,"Seasonally adjusted data, not calendar adjusted data",TOTAL,Total,F,Females,PC_ACT,Percentage of population in the labour force,SI,Slovenia,2025-05,,4.5,,,,,
dataflow,ESTAT:TEILM020(1.0),Unemployment rate by sex,M,Monthly,SA,"Seasonally adjusted data, not calendar adjusted data",TOTAL,Total,F,Females,PC_ACT,Percentage of population in the labour force,SK,Slovakia,2024-07,,5.9,,,,,
dataflow,ESTAT:TEILM020(1.0),Unemployment rate by sex,M,Monthly,SA,"Seasonally adjusted data, not calendar adjusted data",TOTAL,Total,F,Females,PC_ACT,Percentage of population in the labour force,SK,Slovakia,2024-08,,5.9,,,,,
dataflow,ESTAT:TEILM020(1.0),Unemployment rate by sex,M,Monthly,SA,"Seasonally adjusted data, not calendar adjusted data",TOTAL,Total,F,Females,PC_ACT,Percentage of population in the labour force,SK,Slovakia,2024-09,,5.8,,,,,
dataflow,ESTAT:TEILM020(1.0),Unemployment rate by sex,M,Monthly,SA,"Seasonally adjusted data, not calendar adjusted data",TOTAL,Total,F,Females,PC_ACT,Percentage of population in the labour force,SK,Slovakia,2024-10,,5.9,,,,,
dataflow,ESTAT:TEILM020(1.0),Unemployment rate by sex,M,Monthly,SA,"Seasonally adjusted data, not calendar adjusted data",TOTAL,Total,F,Females,PC_ACT,Percentage of population in the labour force,SK,Slovakia,2024-11,,5.8,,,,,
dataflow,ESTAT:TEILM020(1.0),Unemployment rate by sex,M,Monthly,SA,"Seasonally adjusted data, not calendar adjusted data",TOTAL,Total,F,Females,PC_ACT,Percentage of population in the labour force,SK,Slovakia,2024-12,,5.8,,,,,
dataflow,ESTAT:TEILM020(1.0),Unemployment rate by sex,M,Monthly,SA,"Seasonally adjusted data, not calendar adjusted data",TOTAL,Total,F,Females,PC_ACT,Percentage of population in the labour force,SK,Slovakia,2025-01,,5.8,,,,,
dataflow,ESTAT:TEILM020(1.0),Unemployment rate by sex,M,Monthly,SA,"Seasonally adjusted data, not calendar adjusted data",TOTAL,Total,F,Females,PC_ACT,Percentage of population in the labour force,SK,Slovakia,2025-02,,5.8,,,,,
dataflow,ESTAT:TEILM020(1.0),Unemployment rate by sex,M,Monthly,SA,"Seasonally adjusted data, not calendar adjusted data",TOTAL,Total,F,Females,PC_ACT,Percentage of population in the labour force,SK,Slovakia,2025-03,,5.8,,,,,
dataflow,ESTAT:TEILM020(1.0),Unemployment rate by sex,M,Monthly,SA,"Seasonally adjusted data, not calendar adjusted data",TOTAL,Total,F,Females,PC_ACT,Percentage of population in the labour force,SK,Slovakia,2025-04,,5.8,,,,,
dataflow,ESTAT:TEILM020(1.0),Unemployment rate by sex,M,Monthly,SA,"Seasonally adjusted data, not calendar adjusted data",TOTAL,Total,F,Females,PC_ACT,Percentage of population in the labour force,SK,Slovakia,2025-05,,5.8,,,,,
