STRUCTURE,STRUCTURE_ID,STRUCTURE_NAME,freq,Time frequency,na_item,National accounts indicator (ESA 2010),ppp_cat,Analytical categories for purchasing power parities (PPPs) calculation,geo,Geopolitical entity (reporting),TIME_PERIOD,Time,OBS_VALUE,Observation value,OBS_FLAG,Observation status (Flag) V2 structure,CONF_STATUS,Confidentiality status (flag)
dataflow,ESTAT:TEC00114(1.0),GDP per capita in PPS,A,Annual,VI_PPS_EU27_2020_HAB,Volume indices of real expenditure per capita (in PPS_EU27_2020=100),GDP,Gross domestic product,AL,Albania,2020,,30,,,,,
dataflow,ESTAT:TEC00114(1.0),GDP per capita in PPS,A,Annual,VI_PPS_EU27_2020_HAB,Volume indices of real expenditure per capita (in PPS_EU27_2020=100),GDP,Gross domestic product,AL,Albania,2021,,31,,,,,
dataflow,ESTAT:TEC00114(1.0),GDP per capita in PPS,A,Annual,VI_PPS_EU27_2020_HAB,Volume indices of real expenditure per capita (in PPS_EU27_2020=100),GDP,Gross domestic product,AL,Albania,2022,,34,,,,,
dataflow,ESTAT:TEC00114(1.0),GDP per capita in PPS,A,Annual,VI_PPS_EU27_2020_HAB,Volume indices of real expenditure per capita (in PPS_EU27_2020=100),GDP,Gross domestic product,AL,Albania,2023,,36,,,,,
dataflow,ESTAT:TEC00114(1.0),GDP per capita in PPS,A,Annual,VI_PPS_EU27_2020_HAB,Volume indices of real expenditure per capita (in PPS_EU27_2020=100),GDP,Gross domestic product,AL,Albania,2024,,37,,e,estimated,,
dataflow,ESTAT:TEC00114(1.0),GDP per capita in PPS,A,Annual,VI_PPS_EU27_2020_HAB,Volume indices of real expenditure per capita (in PPS_EU27_2020=100),GDP,Gross domestic product,AT,Austria,2020,,123,,,,,
dataflow,ESTAT:TEC00114(1.0),GDP per capita in PPS,A,Annual,VI_PPS_EU27_2020_HAB,Volume indices of real expenditure per capita (in PPS_EU27_2020=100),GDP,Gross domestic product,AT,Austria,2021,,121,,,,,
dataflow,ESTAT:TEC00114(1.0),GDP per capita in PPS,A,Annual,VI_PPS_EU27_2020_HAB,Volume indices of real expenditure per capita (in PPS_EU27_2020=100),GDP,Gross domestic product,AT,Austria,2022,,123,,,,,
dataflow,ESTAT:TEC00114(1.0),GDP per capita in PPS,A,Annual,VI_PPS_EU27_2020_HAB,Volume indices of real expenditure per capita (in PPS_EU27_2020=100),GDP,Gross domestic product,AT,Austria,2023,,120,,,,,
dataflow,ESTAT:TEC00114(1.0),GDP per capita in PPS,A,Annual,VI_PPS_EU27_2020_HAB,Volume indices of real expenditure per capita (in PPS_EU27_2020=100),GDP,Gross domestic product,AT,Austria,2024,,116,,,,,
dataflow,ESTAT:TEC00114(1.0),GDP per capita in PPS,A,Annual,VI_PPS_EU27_2020_HAB,Volume indices of real expenditure per capita (in PPS_EU27_2020=100),GDP,Gross domestic product,BA,Bosnia and Herzegovina,2020,,33,,,,,
dataflow,ESTAT:TEC00114(1.0),GDP per capita in PPS,A,Annual,VI_PPS_EU27_2020_HAB,Volume indices of real expenditure per capita (in PPS_EU27_2020=100),GDP,Gross domestic product,BA,Bosnia and Herzegovina,2021,,33,,,,,
dataflow,ESTAT:TEC00114(1.0),GDP per capita in PPS,A,Annual,VI_PPS_EU27_2020_HAB,Volume indices of real expenditure per capita (in PPS_EU27_2020=100),GDP,Gross domestic product,BA,Bosnia and Herzegovina,2022,,34,,,,,
dataflow,ESTAT:TEC00114(1.0),GDP per capita in PPS,A,Annual,VI_PPS_EU27_2020_HAB,Volume indices of real expenditure per capita (in PPS_EU27_2020=100),GDP,Gross domestic product,BA,Bosnia and Herzegovina,2023,,36,,,,,
dataflow,ESTAT:TEC00114(1.0),GDP per capita in PPS,A,Annual,VI_PPS_EU27_2020_HAB,Volume indices of real expenditure per capita (in PPS_EU27_2020=100),GDP,Gross domestic product,BA,Bosnia and Herzegovina,2024,,35,,,,,
dataflow,ESTAT:TEC00114(1.0),GDP per capita in PPS,A,Annual,VI_PPS_EU27_2020_HAB,Volume indices of real expenditure per capita (in PPS_EU27_2020=100),GDP,Gross domestic product,BE,Belgium,2020,,118,,,,,
dataflow,ESTAT:TEC00114(1.0),GDP per capita in PPS,A,Annual,VI_PPS_EU27_2020_HAB,Volume indices of real expenditure per capita (in PPS_EU27_2020=100),GDP,Gross domestic product,BE,Belgium,2021,,117,,,,,
dataflow,ESTAT:TEC00114(1.0),GDP per capita in PPS,A,Annual,VI_PPS_EU27_2020_HAB,Volume indices of real expenditure per capita (in PPS_EU27_2020=100),GDP,Gross domestic product,BE,Belgium,2022,,119,,,,,
dataflow,ESTAT:TEC00114(1.0),GDP per capita in PPS,A,Annual,VI_PPS_EU27_2020_HAB,Volume indices of real expenditure per capita (in PPS_EU27_2020=100),GDP,Gross domestic product,BE,Belgium,2023,,118,,,,,
dataflow,ESTAT:TEC00114(1.0),GDP per capita in PPS,A,Annual,VI_PPS_EU27_2020_HAB,Volume indices of real expenditure per capita (in PPS_EU27_2020=100),GDP,Gross domestic product,BE,Belgium,2024,,116,,p,provisional,,
dataflow,ESTAT:TEC00114(1.0),GDP per capita in PPS,A,Annual,VI_PPS_EU27_2020_HAB,Volume indices of real expenditure per capita (in PPS_EU27_2020=100),GDP,Gross domestic product,BG,Bulgaria,2020,,57,,,,,
dataflow,ESTAT:TEC00114(1.0),GDP per capita in PPS,A,Annual,VI_PPS_EU27_2020_HAB,Volume indices of real expenditure per capita (in PPS_EU27_2020=100),GDP,Gross domestic product,BG,Bulgaria,2021,,60,,,,,
dataflow,ESTAT:TEC00114(1.0),GDP per capita in PPS,A,Annual,VI_PPS_EU27_2020_HAB,Volume indices of real expenditure per capita (in PPS_EU27_2020=100),GDP,Gross domestic product,BG,Bulgaria,2022,,62,,,,,
dataflow,ESTAT:TEC00114(1.0),GDP per capita in PPS,A,Annual,VI_PPS_EU27_2020_HAB,Volume indices of real expenditure per capita (in PPS_EU27_2020=100),GDP,Gross domestic product,BG,Bulgaria,2023,,64,,,,,
dataflow,ESTAT:TEC00114(1.0),GDP per capita in PPS,A,Annual,VI_PPS_EU27_2020_HAB,Volume indices of real expenditure per capita (in PPS_EU27_2020=100),GDP,Gross domestic product,BG,Bulgaria,2024,,66,,p,provisional,,
dataflow,ESTAT:TEC00114(1.0),GDP per capita in PPS,A,Annual,VI_PPS_EU27_2020_HAB,Volume indices of real expenditure per capita (in PPS_EU27_2020=100),GDP,Gross domestic product,CH,Switzerland,2020,,153,,,,,
dataflow,ESTAT:TEC00114(1.0),GDP per capita in PPS,A,Annual,VI_PPS_EU27_2020_HAB,Volume indices of real expenditure per capita (in PPS_EU27_2020=100),GDP,Gross domestic product,CH,Switzerland,2021,,156,,,,,
dataflow,ESTAT:TEC00114(1.0),GDP per capita in PPS,A,Annual,VI_PPS_EU27_2020_HAB,Volume indices of real expenditure per capita (in PPS_EU27_2020=100),GDP,Gross domestic product,CH,Switzerland,2022,,159,,,,,
dataflow,ESTAT:TEC00114(1.0),GDP per capita in PPS,A,Annual,VI_PPS_EU27_2020_HAB,Volume indices of real expenditure per capita (in PPS_EU27_2020=100),GDP,Gross domestic product,CH,Switzerland,2023,,153,,,,,
dataflow,ESTAT:TEC00114(1.0),GDP per capita in PPS,A,Annual,VI_PPS_EU27_2020_HAB,Volume indices of real expenditure per capita (in PPS_EU27_2020=100),GDP,Gross domestic product,CH,Switzerland,2024,,151,,,,,
dataflow,ESTAT:TEC00114(1.0),GDP per capita in PPS,A,Annual,VI_PPS_EU27_2020_HAB,Volume indices of real expenditure per capita (in PPS_EU27_2020=100),GDP,Gross domestic product,CY,Cyprus,2020,,89,,,,,
dataflow,ESTAT:TEC00114(1.0),GDP per capita in PPS,A,Annual,VI_PPS_EU27_2020_HAB,Volume indices of real expenditure per capita (in PPS_EU27_2020=100),GDP,Gross domestic product,CY,Cyprus,2021,,92,,,,,
dataflow,ESTAT:TEC00114(1.0),GDP per capita in PPS,A,Annual,VI_PPS_EU27_2020_HAB,Volume indices of real expenditure per capita (in PPS_EU27_2020=100),GDP,Gross domestic product,CY,Cyprus,2022,,95,,,,,
dataflow,ESTAT:TEC00114(1.0),GDP per capita in PPS,A,Annual,VI_PPS_EU27_2020_HAB,Volume indices of real expenditure per capita (in PPS_EU27_2020=100),GDP,Gross domestic product,CY,Cyprus,2023,,94,,,,,
dataflow,ESTAT:TEC00114(1.0),GDP per capita in PPS,A,Annual,VI_PPS_EU27_2020_HAB,Volume indices of real expenditure per capita (in PPS_EU27_2020=100),GDP,Gross domestic product,CY,Cyprus,2024,,95,,p,provisional,,
dataflow,ESTAT:TEC00114(1.0),GDP per capita in PPS,A,Annual,VI_PPS_EU27_2020_HAB,Volume indices of real expenditure per capita (in PPS_EU27_2020=100),GDP,Gross domestic product,CZ,Czechia,2020,,96,,,,,
dataflow,ESTAT:TEC00114(1.0),GDP per capita in PPS,A,Annual,VI_PPS_EU27_2020_HAB,Volume indices of real expenditure per capita (in PPS_EU27_2020=100),GDP,Gross domestic product,CZ,Czechia,2021,,92,,,,,
dataflow,ESTAT:TEC00114(1.0),GDP per capita in PPS,A,Annual,VI_PPS_EU27_2020_HAB,Volume indices of real expenditure per capita (in PPS_EU27_2020=100),GDP,Gross domestic product,CZ,Czechia,2022,,89,,,,,
dataflow,ESTAT:TEC00114(1.0),GDP per capita in PPS,A,Annual,VI_PPS_EU27_2020_HAB,Volume indices of real expenditure per capita (in PPS_EU27_2020=100),GDP,Gross domestic product,CZ,Czechia,2023,,90,,,,,
dataflow,ESTAT:TEC00114(1.0),GDP per capita in PPS,A,Annual,VI_PPS_EU27_2020_HAB,Volume indices of real expenditure per capita (in PPS_EU27_2020=100),GDP,Gross domestic product,CZ,Czechia,2024,,91,,,,,
dataflow,ESTAT:TEC00114(1.0),GDP per capita in PPS,A,Annual,VI_PPS_EU27_2020_HAB,Volume indices of real expenditure per capita (in PPS_EU27_2020=100),GDP,Gross domestic product,DE,Germany,2020,,123,,,,,
dataflow,ESTAT:TEC00114(1.0),GDP per capita in PPS,A,Annual,VI_PPS_EU27_2020_HAB,Volume indices of real expenditure per capita (in PPS_EU27_2020=100),GDP,Gross domestic product,DE,Germany,2021,,120,,,,,
dataflow,ESTAT:TEC00114(1.0),GDP per capita in PPS,A,Annual,VI_PPS_EU27_2020_HAB,Volume indices of real expenditure per capita (in PPS_EU27_2020=100),GDP,Gross domestic product,DE,Germany,2022,,118,,,,,
dataflow,ESTAT:TEC00114(1.0),GDP per capita in PPS,A,Annual,VI_PPS_EU27_2020_HAB,Volume indices of real expenditure per capita (in PPS_EU27_2020=100),GDP,Gross domestic product,DE,Germany,2023,,116,,,,,
dataflow,ESTAT:TEC00114(1.0),GDP per capita in PPS,A,Annual,VI_PPS_EU27_2020_HAB,Volume indices of real expenditure per capita (in PPS_EU27_2020=100),GDP,Gross domestic product,DE,Germany,2024,,115,,p,provisional,,
dataflow,ESTAT:TEC00114(1.0),GDP per capita in PPS,A,Annual,VI_PPS_EU27_2020_HAB,Volume indices of real expenditure per capita (in PPS_EU27_2020=100),GDP,Gross domestic product,DK,Denmark,2020,,132,,,,,
dataflow,ESTAT:TEC00114(1.0),GDP per capita in PPS,A,Annual,VI_PPS_EU27_2020_HAB,Volume indices of real expenditure per capita (in PPS_EU27_2020=100),GDP,Gross domestic product,DK,Denmark,2021,,134,,,,,
dataflow,ESTAT:TEC00114(1.0),GDP per capita in PPS,A,Annual,VI_PPS_EU27_2020_HAB,Volume indices of real expenditure per capita (in PPS_EU27_2020=100),GDP,Gross domestic product,DK,Denmark,2022,,135,,,,,
dataflow,ESTAT:TEC00114(1.0),GDP per capita in PPS,A,Annual,VI_PPS_EU27_2020_HAB,Volume indices of real expenditure per capita (in PPS_EU27_2020=100),GDP,Gross domestic product,DK,Denmark,2023,,125,,,,,
dataflow,ESTAT:TEC00114(1.0),GDP per capita in PPS,A,Annual,VI_PPS_EU27_2020_HAB,Volume indices of real expenditure per capita (in PPS_EU27_2020=100),GDP,Gross domestic product,DK,Denmark,2024,,128,,,,,
dataflow,ESTAT:TEC00114(1.0),GDP per capita in PPS,A,Annual,VI_PPS_EU27_2020_HAB,Volume indices of real expenditure per capita (in PPS_EU27_2020=100),GDP,Gross domestic product,EE,Estonia,2020,,85,,,,,
dataflow,ESTAT:TEC00114(1.0),GDP per capita in PPS,A,Annual,VI_PPS_EU27_2020_HAB,Volume indices of real expenditure per capita (in PPS_EU27_2020=100),GDP,Gross domestic product,EE,Estonia,2021,,85,,,,,
dataflow,ESTAT:TEC00114(1.0),GDP per capita in PPS,A,Annual,VI_PPS_EU27_2020_HAB,Volume indices of real expenditure per capita (in PPS_EU27_2020=100),GDP,Gross domestic product,EE,Estonia,2022,,84,,,,,
dataflow,ESTAT:TEC00114(1.0),GDP per capita in PPS,A,Annual,VI_PPS_EU27_2020_HAB,Volume indices of real expenditure per capita (in PPS_EU27_2020=100),GDP,Gross domestic product,EE,Estonia,2023,,80,,,,,
dataflow,ESTAT:TEC00114(1.0),GDP per capita in PPS,A,Annual,VI_PPS_EU27_2020_HAB,Volume indices of real expenditure per capita (in PPS_EU27_2020=100),GDP,Gross domestic product,EE,Estonia,2024,,79,,,,,
dataflow,ESTAT:TEC00114(1.0),GDP per capita in PPS,A,Annual,VI_PPS_EU27_2020_HAB,Volume indices of real expenditure per capita (in PPS_EU27_2020=100),GDP,Gross domestic product,EL,Greece,2020,,62,,,,,
dataflow,ESTAT:TEC00114(1.0),GDP per capita in PPS,A,Annual,VI_PPS_EU27_2020_HAB,Volume indices of real expenditure per capita (in PPS_EU27_2020=100),GDP,Gross domestic product,EL,Greece,2021,,64,,,,,
dataflow,ESTAT:TEC00114(1.0),GDP per capita in PPS,A,Annual,VI_PPS_EU27_2020_HAB,Volume indices of real expenditure per capita (in PPS_EU27_2020=100),GDP,Gross domestic product,EL,Greece,2022,,67,,,,,
dataflow,ESTAT:TEC00114(1.0),GDP per capita in PPS,A,Annual,VI_PPS_EU27_2020_HAB,Volume indices of real expenditure per capita (in PPS_EU27_2020=100),GDP,Gross domestic product,EL,Greece,2023,,69,,,,,
dataflow,ESTAT:TEC00114(1.0),GDP per capita in PPS,A,Annual,VI_PPS_EU27_2020_HAB,Volume indices of real expenditure per capita (in PPS_EU27_2020=100),GDP,Gross domestic product,EL,Greece,2024,,70,,p,provisional,,
dataflow,ESTAT:TEC00114(1.0),GDP per capita in PPS,A,Annual,VI_PPS_EU27_2020_HAB,Volume indices of real expenditure per capita (in PPS_EU27_2020=100),GDP,Gross domestic product,ES,Spain,2020,,83,,,,,
dataflow,ESTAT:TEC00114(1.0),GDP per capita in PPS,A,Annual,VI_PPS_EU27_2020_HAB,Volume indices of real expenditure per capita (in PPS_EU27_2020=100),GDP,Gross domestic product,ES,Spain,2021,,85,,,,,
dataflow,ESTAT:TEC00114(1.0),GDP per capita in PPS,A,Annual,VI_PPS_EU27_2020_HAB,Volume indices of real expenditure per capita (in PPS_EU27_2020=100),GDP,Gross domestic product,ES,Spain,2022,,88,,,,,
dataflow,ESTAT:TEC00114(1.0),GDP per capita in PPS,A,Annual,VI_PPS_EU27_2020_HAB,Volume indices of real expenditure per capita (in PPS_EU27_2020=100),GDP,Gross domestic product,ES,Spain,2023,,90,,,,,
dataflow,ESTAT:TEC00114(1.0),GDP per capita in PPS,A,Annual,VI_PPS_EU27_2020_HAB,Volume indices of real expenditure per capita (in PPS_EU27_2020=100),GDP,Gross domestic product,ES,Spain,2024,,92,,p,provisional,,
dataflow,ESTAT:TEC00114(1.0),GDP per capita in PPS,A,Annual,VI_PPS_EU27_2020_HAB,Volume indices of real expenditure per capita (in PPS_EU27_2020=100),GDP,Gross domestic product,EU27_2020,European Union - 27 countries (from 2020),2020,,100,,,,,
dataflow,ESTAT:TEC00114(1.0),GDP per capita in PPS,A,Annual,VI_PPS_EU27_2020_HAB,Volume indices of real expenditure per capita (in PPS_EU27_2020=100),GDP,Gross domestic product,EU27_2020,European Union - 27 countries (from 2020),2021,,100,,,,,
dataflow,ESTAT:TEC00114(1.0),GDP per capita in PPS,A,Annual,VI_PPS_EU27_2020_HAB,Volume indices of real expenditure per capita (in PPS_EU27_2020=100),GDP,Gross domestic product,EU27_2020,European Union - 27 countries (from 2020),2022,,100,,,,,
dataflow,ESTAT:TEC00114(1.0),GDP per capita in PPS,A,Annual,VI_PPS_EU27_2020_HAB,Volume indices of real expenditure per capita (in PPS_EU27_2020=100),GDP,Gross domestic product,EU27_2020,European Union - 27 countries (from 2020),2023,,100,,,,,
dataflow,ESTAT:TEC00114(1.0),GDP per capita in PPS,A,Annual,VI_PPS_EU27_2020_HAB,Volume indices of real expenditure per capita (in PPS_EU27_2020=100),GDP,Gross domestic product,EU27_2020,European Union - 27 countries (from 2020),2024,,100,,,,,
dataflow,ESTAT:TEC00114(1.0),GDP per capita in PPS,A,Annual,VI_PPS_EU27_2020_HAB,Volume indices of real expenditure per capita (in PPS_EU27_2020=100),GDP,Gross domestic product,FI,Finland,2020,,112,,,,,
dataflow,ESTAT:TEC00114(1.0),GDP per capita in PPS,A,Annual,VI_PPS_EU27_2020_HAB,Volume indices of real expenditure per capita (in PPS_EU27_2020=100),GDP,Gross domestic product,FI,Finland,2021,,109,,,,,
dataflow,ESTAT:TEC00114(1.0),GDP per capita in PPS,A,Annual,VI_PPS_EU27_2020_HAB,Volume indices of real expenditure per capita (in PPS_EU27_2020=100),GDP,Gross domestic product,FI,Finland,2022,,107,,,,,
dataflow,ESTAT:TEC00114(1.0),GDP per capita in PPS,A,Annual,VI_PPS_EU27_2020_HAB,Volume indices of real expenditure per capita (in PPS_EU27_2020=100),GDP,Gross domestic product,FI,Finland,2023,,105,,,,,
dataflow,ESTAT:TEC00114(1.0),GDP per capita in PPS,A,Annual,VI_PPS_EU27_2020_HAB,Volume indices of real expenditure per capita (in PPS_EU27_2020=100),GDP,Gross domestic product,FI,Finland,2024,,103,,,,,
dataflow,ESTAT:TEC00114(1.0),GDP per capita in PPS,A,Annual,VI_PPS_EU27_2020_HAB,Volume indices of real expenditure per capita (in PPS_EU27_2020=100),GDP,Gross domestic product,FR,France,2020,,104,,,,,
dataflow,ESTAT:TEC00114(1.0),GDP per capita in PPS,A,Annual,VI_PPS_EU27_2020_HAB,Volume indices of real expenditure per capita (in PPS_EU27_2020=100),GDP,Gross domestic product,FR,France,2021,,101,,,,,
dataflow,ESTAT:TEC00114(1.0),GDP per capita in PPS,A,Annual,VI_PPS_EU27_2020_HAB,Volume indices of real expenditure per capita (in PPS_EU27_2020=100),GDP,Gross domestic product,FR,France,2022,,98,,,,,
dataflow,ESTAT:TEC00114(1.0),GDP per capita in PPS,A,Annual,VI_PPS_EU27_2020_HAB,Volume indices of real expenditure per capita (in PPS_EU27_2020=100),GDP,Gross domestic product,FR,France,2023,,99,,,,,
dataflow,ESTAT:TEC00114(1.0),GDP per capita in PPS,A,Annual,VI_PPS_EU27_2020_HAB,Volume indices of real expenditure per capita (in PPS_EU27_2020=100),GDP,Gross domestic product,FR,France,2024,,99,,p,provisional,,
dataflow,ESTAT:TEC00114(1.0),GDP per capita in PPS,A,Annual,VI_PPS_EU27_2020_HAB,Volume indices of real expenditure per capita (in PPS_EU27_2020=100),GDP,Gross domestic product,HR,Croatia,2020,,66,,,,,
dataflow,ESTAT:TEC00114(1.0),GDP per capita in PPS,A,Annual,VI_PPS_EU27_2020_HAB,Volume indices of real expenditure per capita (in PPS_EU27_2020=100),GDP,Gross domestic product,HR,Croatia,2021,,70,,,,,
dataflow,ESTAT:TEC00114(1.0),GDP per capita in PPS,A,Annual,VI_PPS_EU27_2020_HAB,Volume indices of real expenditure per capita (in PPS_EU27_2020=100),GDP,Gross domestic product,HR,Croatia,2022,,72,,,,,
dataflow,ESTAT:TEC00114(1.0),GDP per capita in PPS,A,Annual,VI_PPS_EU27_2020_HAB,Volume indices of real expenditure per capita (in PPS_EU27_2020=100),GDP,Gross domestic product,HR,Croatia,2023,,76,,,,,
dataflow,ESTAT:TEC00114(1.0),GDP per capita in PPS,A,Annual,VI_PPS_EU27_2020_HAB,Volume indices of real expenditure per capita (in PPS_EU27_2020=100),GDP,Gross domestic product,HR,Croatia,2024,,77,,p,provisional,,
dataflow,ESTAT:TEC00114(1.0),GDP per capita in PPS,A,Annual,VI_PPS_EU27_2020_HAB,Volume indices of real expenditure per capita (in PPS_EU27_2020=100),GDP,Gross domestic product,HU,Hungary,2020,,75,,,,,
dataflow,ESTAT:TEC00114(1.0),GDP per capita in PPS,A,Annual,VI_PPS_EU27_2020_HAB,Volume indices of real expenditure per capita (in PPS_EU27_2020=100),GDP,Gross domestic product,HU,Hungary,2021,,75,,,,,
dataflow,ESTAT:TEC00114(1.0),GDP per capita in PPS,A,Annual,VI_PPS_EU27_2020_HAB,Volume indices of real expenditure per capita (in PPS_EU27_2020=100),GDP,Gross domestic product,HU,Hungary,2022,,77,,,,,
dataflow,ESTAT:TEC00114(1.0),GDP per capita in PPS,A,Annual,VI_PPS_EU27_2020_HAB,Volume indices of real expenditure per capita (in PPS_EU27_2020=100),GDP,Gross domestic product,HU,Hungary,2023,,77,,,,,
dataflow,ESTAT:TEC00114(1.0),GDP per capita in PPS,A,Annual,VI_PPS_EU27_2020_HAB,Volume indices of real expenditure per capita (in PPS_EU27_2020=100),GDP,Gross domestic product,HU,Hungary,2024,,77,,p,provisional,,
dataflow,ESTAT:TEC00114(1.0),GDP per capita in PPS,A,Annual,VI_PPS_EU27_2020_HAB,Volume indices of real expenditure per capita (in PPS_EU27_2020=100),GDP,Gross domestic product,IE,Ireland,2020,,205,,,,,
dataflow,ESTAT:TEC00114(1.0),GDP per capita in PPS,A,Annual,VI_PPS_EU27_2020_HAB,Volume indices of real expenditure per capita (in PPS_EU27_2020=100),GDP,Gross domestic product,IE,Ireland,2021,,226,,,,,
dataflow,ESTAT:TEC00114(1.0),GDP per capita in PPS,A,Annual,VI_PPS_EU27_2020_HAB,Volume indices of real expenditure per capita (in PPS_EU27_2020=100),GDP,Gross domestic product,IE,Ireland,2022,,238,,,,,
dataflow,ESTAT:TEC00114(1.0),GDP per capita in PPS,A,Annual,VI_PPS_EU27_2020_HAB,Volume indices of real expenditure per capita (in PPS_EU27_2020=100),GDP,Gross domestic product,IE,Ireland,2023,,213,,,,,
dataflow,ESTAT:TEC00114(1.0),GDP per capita in PPS,A,Annual,VI_PPS_EU27_2020_HAB,Volume indices of real expenditure per capita (in PPS_EU27_2020=100),GDP,Gross domestic product,IE,Ireland,2024,,211,,,,,
dataflow,ESTAT:TEC00114(1.0),GDP per capita in PPS,A,Annual,VI_PPS_EU27_2020_HAB,Volume indices of real expenditure per capita (in PPS_EU27_2020=100),GDP,Gross domestic product,IS,Iceland,2020,,120,,,,,
dataflow,ESTAT:TEC00114(1.0),GDP per capita in PPS,A,Annual,VI_PPS_EU27_2020_HAB,Volume indices of real expenditure per capita (in PPS_EU27_2020=100),GDP,Gross domestic product,IS,Iceland,2021,,122,,,,,
dataflow,ESTAT:TEC00114(1.0),GDP per capita in PPS,A,Annual,VI_PPS_EU27_2020_HAB,Volume indices of real expenditure per capita (in PPS_EU27_2020=100),GDP,Gross domestic product,IS,Iceland,2022,,132,,,,,
dataflow,ESTAT:TEC00114(1.0),GDP per capita in PPS,A,Annual,VI_PPS_EU27_2020_HAB,Volume indices of real expenditure per capita (in PPS_EU27_2020=100),GDP,Gross domestic product,IS,Iceland,2023,,135,,,,,
dataflow,ESTAT:TEC00114(1.0),GDP per capita in PPS,A,Annual,VI_PPS_EU27_2020_HAB,Volume indices of real expenditure per capita (in PPS_EU27_2020=100),GDP,Gross domestic product,IS,Iceland,2024,,132,,,,,
dataflow,ESTAT:TEC00114(1.0),GDP per capita in PPS,A,Annual,VI_PPS_EU27_2020_HAB,Volume indices of real expenditure per capita (in PPS_EU27_2020=100),GDP,Gross domestic product,IT,Italy,2020,,93,,,,,
dataflow,ESTAT:TEC00114(1.0),GDP per capita in PPS,A,Annual,VI_PPS_EU27_2020_HAB,Volume indices of real expenditure per capita (in PPS_EU27_2020=100),GDP,Gross domestic product,IT,Italy,2021,,96,,,,,
dataflow,ESTAT:TEC00114(1.0),GDP per capita in PPS,A,Annual,VI_PPS_EU27_2020_HAB,Volume indices of real expenditure per capita (in PPS_EU27_2020=100),GDP,Gross domestic product,IT,Italy,2022,,98,,,,,
dataflow,ESTAT:TEC00114(1.0),GDP per capita in PPS,A,Annual,VI_PPS_EU27_2020_HAB,Volume indices of real expenditure per capita (in PPS_EU27_2020=100),GDP,Gross domestic product,IT,Italy,2023,,98,,,,,
dataflow,ESTAT:TEC00114(1.0),GDP per capita in PPS,A,Annual,VI_PPS_EU27_2020_HAB,Volume indices of real expenditure per capita (in PPS_EU27_2020=100),GDP,Gross domestic product,IT,Italy,2024,,98,,,,,
dataflow,ESTAT:TEC00114(1.0),GDP per capita in PPS,A,Annual,VI_PPS_EU27_2020_HAB,Volume indices of real expenditure per capita (in PPS_EU27_2020=100),GDP,Gross domestic product,JP,Japan,2020,,89,,,,,
dataflow,ESTAT:TEC00114(1.0),GDP per capita in PPS,A,Annual,VI_PPS_EU27_2020_HAB,Volume indices of real expenditure per capita (in PPS_EU27_2020=100),GDP,Gross domestic product,JP,Japan,2021,,85,,,,,
dataflow,ESTAT:TEC00114(1.0),GDP per capita in PPS,A,Annual,VI_PPS_EU27_2020_HAB,Volume indices of real expenditure per capita (in PPS_EU27_2020=100),GDP,Gross domestic product,JP,Japan,2022,,83,,,,,
dataflow,ESTAT:TEC00114(1.0),GDP per capita in PPS,A,Annual,VI_PPS_EU27_2020_HAB,Volume indices of real expenditure per capita (in PPS_EU27_2020=100),GDP,Gross domestic product,JP,Japan,2023,,85,,,,,
dataflow,ESTAT:TEC00114(1.0),GDP per capita in PPS,A,Annual,VI_PPS_EU27_2020_HAB,Volume indices of real expenditure per capita (in PPS_EU27_2020=100),GDP,Gross domestic product,LT,Lithuania,2020,,87,,,,,
dataflow,ESTAT:TEC00114(1.0),GDP per capita in PPS,A,Annual,VI_PPS_EU27_2020_HAB,Volume indices of real expenditure per capita (in PPS_EU27_2020=100),GDP,Gross domestic product,LT,Lithuania,2021,,88,,,,,
dataflow,ESTAT:TEC00114(1.0),GDP per capita in PPS,A,Annual,VI_PPS_EU27_2020_HAB,Volume indices of real expenditure per capita (in PPS_EU27_2020=100),GDP,Gross domestic product,LT,Lithuania,2022,,88,,,,,
dataflow,ESTAT:TEC00114(1.0),GDP per capita in PPS,A,Annual,VI_PPS_EU27_2020_HAB,Volume indices of real expenditure per capita (in PPS_EU27_2020=100),GDP,Gross domestic product,LT,Lithuania,2023,,87,,,,,
dataflow,ESTAT:TEC00114(1.0),GDP per capita in PPS,A,Annual,VI_PPS_EU27_2020_HAB,Volume indices of real expenditure per capita (in PPS_EU27_2020=100),GDP,Gross domestic product,LT,Lithuania,2024,,88,,,,,
dataflow,ESTAT:TEC00114(1.0),GDP per capita in PPS,A,Annual,VI_PPS_EU27_2020_HAB,Volume indices of real expenditure per capita (in PPS_EU27_2020=100),GDP,Gross domestic product,LU,Luxembourg,2020,,256,,,,,
dataflow,ESTAT:TEC00114(1.0),GDP per capita in PPS,A,Annual,VI_PPS_EU27_2020_HAB,Volume indices of real expenditure per capita (in PPS_EU27_2020=100),GDP,Gross domestic product,LU,Luxembourg,2021,,263,,,,,
dataflow,ESTAT:TEC00114(1.0),GDP per capita in PPS,A,Annual,VI_PPS_EU27_2020_HAB,Volume indices of real expenditure per capita (in PPS_EU27_2020=100),GDP,Gross domestic product,LU,Luxembourg,2022,,249,,,,,
dataflow,ESTAT:TEC00114(1.0),GDP per capita in PPS,A,Annual,VI_PPS_EU27_2020_HAB,Volume indices of real expenditure per capita (in PPS_EU27_2020=100),GDP,Gross domestic product,LU,Luxembourg,2023,,242,,,,,
dataflow,ESTAT:TEC00114(1.0),GDP per capita in PPS,A,Annual,VI_PPS_EU27_2020_HAB,Volume indices of real expenditure per capita (in PPS_EU27_2020=100),GDP,Gross domestic product,LU,Luxembourg,2024,,242,,p,provisional,,
dataflow,ESTAT:TEC00114(1.0),GDP per capita in PPS,A,Annual,VI_PPS_EU27_2020_HAB,Volume indices of real expenditure per capita (in PPS_EU27_2020=100),GDP,Gross domestic product,LV,Latvia,2020,,69,,,,,
dataflow,ESTAT:TEC00114(1.0),GDP per capita in PPS,A,Annual,VI_PPS_EU27_2020_HAB,Volume indices of real expenditure per capita (in PPS_EU27_2020=100),GDP,Gross domestic product,LV,Latvia,2021,,71,,,,,
dataflow,ESTAT:TEC00114(1.0),GDP per capita in PPS,A,Annual,VI_PPS_EU27_2020_HAB,Volume indices of real expenditure per capita (in PPS_EU27_2020=100),GDP,Gross domestic product,LV,Latvia,2022,,69,,,,,
dataflow,ESTAT:TEC00114(1.0),GDP per capita in PPS,A,Annual,VI_PPS_EU27_2020_HAB,Volume indices of real expenditure per capita (in PPS_EU27_2020=100),GDP,Gross domestic product,LV,Latvia,2023,,71,,,,,
dataflow,ESTAT:TEC00114(1.0),GDP per capita in PPS,A,Annual,VI_PPS_EU27_2020_HAB,Volume indices of real expenditure per capita (in PPS_EU27_2020=100),GDP,Gross domestic product,LV,Latvia,2024,,71,,,,,
dataflow,ESTAT:TEC00114(1.0),GDP per capita in PPS,A,Annual,VI_PPS_EU27_2020_HAB,Volume indices of real expenditure per capita (in PPS_EU27_2020=100),GDP,Gross domestic product,ME,Montenegro,2020,,44,,,,,
dataflow,ESTAT:TEC00114(1.0),GDP per capita in PPS,A,Annual,VI_PPS_EU27_2020_HAB,Volume indices of real expenditure per capita (in PPS_EU27_2020=100),GDP,Gross domestic product,ME,Montenegro,2021,,46,,,,,
dataflow,ESTAT:TEC00114(1.0),GDP per capita in PPS,A,Annual,VI_PPS_EU27_2020_HAB,Volume indices of real expenditure per capita (in PPS_EU27_2020=100),GDP,Gross domestic product,ME,Montenegro,2022,,48,,,,,
dataflow,ESTAT:TEC00114(1.0),GDP per capita in PPS,A,Annual,VI_PPS_EU27_2020_HAB,Volume indices of real expenditure per capita (in PPS_EU27_2020=100),GDP,Gross domestic product,ME,Montenegro,2023,,52,,,,,
dataflow,ESTAT:TEC00114(1.0),GDP per capita in PPS,A,Annual,VI_PPS_EU27_2020_HAB,Volume indices of real expenditure per capita (in PPS_EU27_2020=100),GDP,Gross domestic product,ME,Montenegro,2024,,54,,p,provisional,,
dataflow,ESTAT:TEC00114(1.0),GDP per capita in PPS,A,Annual,VI_PPS_EU27_2020_HAB,Volume indices of real expenditure per capita (in PPS_EU27_2020=100),GDP,Gross domestic product,MK,North Macedonia,2020,,42,,,,,
dataflow,ESTAT:TEC00114(1.0),GDP per capita in PPS,A,Annual,VI_PPS_EU27_2020_HAB,Volume indices of real expenditure per capita (in PPS_EU27_2020=100),GDP,Gross domestic product,MK,North Macedonia,2021,,43,,,,,
dataflow,ESTAT:TEC00114(1.0),GDP per capita in PPS,A,Annual,VI_PPS_EU27_2020_HAB,Volume indices of real expenditure per capita (in PPS_EU27_2020=100),GDP,Gross domestic product,MK,North Macedonia,2022,,42,,,,,
dataflow,ESTAT:TEC00114(1.0),GDP per capita in PPS,A,Annual,VI_PPS_EU27_2020_HAB,Volume indices of real expenditure per capita (in PPS_EU27_2020=100),GDP,Gross domestic product,MK,North Macedonia,2023,,41,,,,,
dataflow,ESTAT:TEC00114(1.0),GDP per capita in PPS,A,Annual,VI_PPS_EU27_2020_HAB,Volume indices of real expenditure per capita (in PPS_EU27_2020=100),GDP,Gross domestic product,MK,North Macedonia,2024,,42,,e,estimated,,
dataflow,ESTAT:TEC00114(1.0),GDP per capita in PPS,A,Annual,VI_PPS_EU27_2020_HAB,Volume indices of real expenditure per capita (in PPS_EU27_2020=100),GDP,Gross domestic product,MT,Malta,2020,,105,,,,,
dataflow,ESTAT:TEC00114(1.0),GDP per capita in PPS,A,Annual,VI_PPS_EU27_2020_HAB,Volume indices of real expenditure per capita (in PPS_EU27_2020=100),GDP,Gross domestic product,MT,Malta,2021,,109,,,,,
dataflow,ESTAT:TEC00114(1.0),GDP per capita in PPS,A,Annual,VI_PPS_EU27_2020_HAB,Volume indices of real expenditure per capita (in PPS_EU27_2020=100),GDP,Gross domestic product,MT,Malta,2022,,105,,,,,
dataflow,ESTAT:TEC00114(1.0),GDP per capita in PPS,A,Annual,VI_PPS_EU27_2020_HAB,Volume indices of real expenditure per capita (in PPS_EU27_2020=100),GDP,Gross domestic product,MT,Malta,2023,,107,,,,,
dataflow,ESTAT:TEC00114(1.0),GDP per capita in PPS,A,Annual,VI_PPS_EU27_2020_HAB,Volume indices of real expenditure per capita (in PPS_EU27_2020=100),GDP,Gross domestic product,MT,Malta,2024,,109,,,,,
dataflow,ESTAT:TEC00114(1.0),GDP per capita in PPS,A,Annual,VI_PPS_EU27_2020_HAB,Volume indices of real expenditure per capita (in PPS_EU27_2020=100),GDP,Gross domestic product,NL,Netherlands,2020,,131,,,,,
dataflow,ESTAT:TEC00114(1.0),GDP per capita in PPS,A,Annual,VI_PPS_EU27_2020_HAB,Volume indices of real expenditure per capita (in PPS_EU27_2020=100),GDP,Gross domestic product,NL,Netherlands,2021,,132,,,,,
dataflow,ESTAT:TEC00114(1.0),GDP per capita in PPS,A,Annual,VI_PPS_EU27_2020_HAB,Volume indices of real expenditure per capita (in PPS_EU27_2020=100),GDP,Gross domestic product,NL,Netherlands,2022,,134,,,,,
dataflow,ESTAT:TEC00114(1.0),GDP per capita in PPS,A,Annual,VI_PPS_EU27_2020_HAB,Volume indices of real expenditure per capita (in PPS_EU27_2020=100),GDP,Gross domestic product,NL,Netherlands,2023,,133,,,,,
dataflow,ESTAT:TEC00114(1.0),GDP per capita in PPS,A,Annual,VI_PPS_EU27_2020_HAB,Volume indices of real expenditure per capita (in PPS_EU27_2020=100),GDP,Gross domestic product,NL,Netherlands,2024,,136,,,,,
dataflow,ESTAT:TEC00114(1.0),GDP per capita in PPS,A,Annual,VI_PPS_EU27_2020_HAB,Volume indices of real expenditure per capita (in PPS_EU27_2020=100),GDP,Gross domestic product,NO,Norway,2020,,141,,,,,
dataflow,ESTAT:TEC00114(1.0),GDP per capita in PPS,A,Annual,VI_PPS_EU27_2020_HAB,Volume indices of real expenditure per capita (in PPS_EU27_2020=100),GDP,Gross domestic product,NO,Norway,2021,,171,,,,,
dataflow,ESTAT:TEC00114(1.0),GDP per capita in PPS,A,Annual,VI_PPS_EU27_2020_HAB,Volume indices of real expenditure per capita (in PPS_EU27_2020=100),GDP,Gross domestic product,NO,Norway,2022,,215,,,,,
dataflow,ESTAT:TEC00114(1.0),GDP per capita in PPS,A,Annual,VI_PPS_EU27_2020_HAB,Volume indices of real expenditure per capita (in PPS_EU27_2020=100),GDP,Gross domestic product,NO,Norway,2023,,171,,,,,
dataflow,ESTAT:TEC00114(1.0),GDP per capita in PPS,A,Annual,VI_PPS_EU27_2020_HAB,Volume indices of real expenditure per capita (in PPS_EU27_2020=100),GDP,Gross domestic product,NO,Norway,2024,,163,,,,,
dataflow,ESTAT:TEC00114(1.0),GDP per capita in PPS,A,Annual,VI_PPS_EU27_2020_HAB,Volume indices of real expenditure per capita (in PPS_EU27_2020=100),GDP,Gross domestic product,PL,Poland,2020,,79,,,,,
dataflow,ESTAT:TEC00114(1.0),GDP per capita in PPS,A,Annual,VI_PPS_EU27_2020_HAB,Volume indices of real expenditure per capita (in PPS_EU27_2020=100),GDP,Gross domestic product,PL,Poland,2021,,79,,,,,
dataflow,ESTAT:TEC00114(1.0),GDP per capita in PPS,A,Annual,VI_PPS_EU27_2020_HAB,Volume indices of real expenditure per capita (in PPS_EU27_2020=100),GDP,Gross domestic product,PL,Poland,2022,,78,,,,,
dataflow,ESTAT:TEC00114(1.0),GDP per capita in PPS,A,Annual,VI_PPS_EU27_2020_HAB,Volume indices of real expenditure per capita (in PPS_EU27_2020=100),GDP,Gross domestic product,PL,Poland,2023,,78,,,,,
dataflow,ESTAT:TEC00114(1.0),GDP per capita in PPS,A,Annual,VI_PPS_EU27_2020_HAB,Volume indices of real expenditure per capita (in PPS_EU27_2020=100),GDP,Gross domestic product,PL,Poland,2024,,79,,,,,
dataflow,ESTAT:TEC00114(1.0),GDP per capita in PPS,A,Annual,VI_PPS_EU27_2020_HAB,Volume indices of real expenditure per capita (in PPS_EU27_2020=100),GDP,Gross domestic product,PT,Portugal,2020,,75,,,,,
dataflow,ESTAT:TEC00114(1.0),GDP per capita in PPS,A,Annual,VI_PPS_EU27_2020_HAB,Volume indices of real expenditure per capita (in PPS_EU27_2020=100),GDP,Gross domestic product,PT,Portugal,2021,,74,,,,,
dataflow,ESTAT:TEC00114(1.0),GDP per capita in PPS,A,Annual,VI_PPS_EU27_2020_HAB,Volume indices of real expenditure per capita (in PPS_EU27_2020=100),GDP,Gross domestic product,PT,Portugal,2022,,77,,,,,
dataflow,ESTAT:TEC00114(1.0),GDP per capita in PPS,A,Annual,VI_PPS_EU27_2020_HAB,Volume indices of real expenditure per capita (in PPS_EU27_2020=100),GDP,Gross domestic product,PT,Portugal,2023,,81,,,,,
dataflow,ESTAT:TEC00114(1.0),GDP per capita in PPS,A,Annual,VI_PPS_EU27_2020_HAB,Volume indices of real expenditure per capita (in PPS_EU27_2020=100),GDP,Gross domestic product,PT,Portugal,2024,,82,,e,estimated,,
dataflow,ESTAT:TEC00114(1.0),GDP per capita in PPS,A,Annual,VI_PPS_EU27_2020_HAB,Volume indices of real expenditure per capita (in PPS_EU27_2020=100),GDP,Gross domestic product,RO,Romania,2020,,72,,,,,
dataflow,ESTAT:TEC00114(1.0),GDP per capita in PPS,A,Annual,VI_PPS_EU27_2020_HAB,Volume indices of real expenditure per capita (in PPS_EU27_2020=100),GDP,Gross domestic product,RO,Romania,2021,,72,,,,,
dataflow,ESTAT:TEC00114(1.0),GDP per capita in PPS,A,Annual,VI_PPS_EU27_2020_HAB,Volume indices of real expenditure per capita (in PPS_EU27_2020=100),GDP,Gross domestic product,RO,Romania,2022,,74,,,,,
dataflow,ESTAT:TEC00114(1.0),GDP per capita in PPS,A,Annual,VI_PPS_EU27_2020_HAB,Volume indices of real expenditure per capita (in PPS_EU27_2020=100),GDP,Gross domestic product,RO,Romania,2023,,78,,,,,
dataflow,ESTAT:TEC00114(1.0),GDP per capita in PPS,A,Annual,VI_PPS_EU27_2020_HAB,Volume indices of real expenditure per capita (in PPS_EU27_2020=100),GDP,Gross domestic product,RO,Romania,2024,,78,,p,provisional,,
dataflow,ESTAT:TEC00114(1.0),GDP per capita in PPS,A,Annual,VI_PPS_EU27_2020_HAB,Volume indices of real expenditure per capita (in PPS_EU27_2020=100),GDP,Gross domestic product,RS,Serbia,2020,,44,,,,,
dataflow,ESTAT:TEC00114(1.0),GDP per capita in PPS,A,Annual,VI_PPS_EU27_2020_HAB,Volume indices of real expenditure per capita (in PPS_EU27_2020=100),GDP,Gross domestic product,RS,Serbia,2021,,45,,,,,
dataflow,ESTAT:TEC00114(1.0),GDP per capita in PPS,A,Annual,VI_PPS_EU27_2020_HAB,Volume indices of real expenditure per capita (in PPS_EU27_2020=100),GDP,Gross domestic product,RS,Serbia,2022,,46,,,,,
dataflow,ESTAT:TEC00114(1.0),GDP per capita in PPS,A,Annual,VI_PPS_EU27_2020_HAB,Volume indices of real expenditure per capita (in PPS_EU27_2020=100),GDP,Gross domestic product,RS,Serbia,2023,,49,,,,,
dataflow,ESTAT:TEC00114(1.0),GDP per capita in PPS,A,Annual,VI_PPS_EU27_2020_HAB,Volume indices of real expenditure per capita (in PPS_EU27_2020=100),GDP,Gross domestic product,RS,Serbia,2024,,51,,p,provisional,,
dataflow,ESTAT:TEC00114(1.0),GDP per capita in PPS,A,Annual,VI_PPS_EU27_2020_HAB,Volume indices of real expenditure per capita (in PPS_EU27_2020=100),GDP,Gross domestic product,SE,Sweden,2020,,120,,,,,
dataflow,ESTAT:TEC00114(1.0),GDP per capita in PPS,A,Annual,VI_PPS_EU27_2020_HAB,Volume indices of real expenditure per capita (in PPS_EU27_2020=100),GDP,Gross domestic product,SE,Sweden,2021,,120,,,,,
dataflow,ESTAT:TEC00114(1.0),GDP per capita in PPS,A,Annual,VI_PPS_EU27_2020_HAB,Volume indices of real expenditure per capita (in PPS_EU27_2020=100),GDP,Gross domestic product,SE,Sweden,2022,,114,,,,,
dataflow,ESTAT:TEC00114(1.0),GDP per capita in PPS,A,Annual,VI_PPS_EU27_2020_HAB,Volume indices of real expenditure per capita (in PPS_EU27_2020=100),GDP,Gross domestic product,SE,Sweden,2023,,112,,,,,
dataflow,ESTAT:TEC00114(1.0),GDP per capita in PPS,A,Annual,VI_PPS_EU27_2020_HAB,Volume indices of real expenditure per capita (in PPS_EU27_2020=100),GDP,Gross domestic product,SE,Sweden,2024,,113,,,,,
dataflow,ESTAT:TEC00114(1.0),GDP per capita in PPS,A,Annual,VI_PPS_EU27_2020_HAB,Volume indices of real expenditure per capita (in PPS_EU27_2020=100),GDP,Gross domestic product,SI,Slovenia,2020,,88,,,,,
dataflow,ESTAT:TEC00114(1.0),GDP per capita in PPS,A,Annual,VI_PPS_EU27_2020_HAB,Volume indices of real expenditure per capita (in PPS_EU27_2020=100),GDP,Gross domestic product,SI,Slovenia,2021,,88,,,,,
dataflow,ESTAT:TEC00114(1.0),GDP per capita in PPS,A,Annual,VI_PPS_EU27_2020_HAB,Volume indices of real expenditure per capita (in PPS_EU27_2020=100),GDP,Gross domestic product,SI,Slovenia,2022,,89,,,,,
dataflow,ESTAT:TEC00114(1.0),GDP per capita in PPS,A,Annual,VI_PPS_EU27_2020_HAB,Volume indices of real expenditure per capita (in PPS_EU27_2020=100),GDP,Gross domestic product,SI,Slovenia,2023,,92,,,,,
dataflow,ESTAT:TEC00114(1.0),GDP per capita in PPS,A,Annual,VI_PPS_EU27_2020_HAB,Volume indices of real expenditure per capita (in PPS_EU27_2020=100),GDP,Gross domestic product,SI,Slovenia,2024,,91,,,,,
dataflow,ESTAT:TEC00114(1.0),GDP per capita in PPS,A,Annual,VI_PPS_EU27_2020_HAB,Volume indices of real expenditure per capita (in PPS_EU27_2020=100),GDP,Gross domestic product,SK,Slovakia,2020,,74,,,,,
dataflow,ESTAT:TEC00114(1.0),GDP per capita in PPS,A,Annual,VI_PPS_EU27_2020_HAB,Volume indices of real expenditure per capita (in PPS_EU27_2020=100),GDP,Gross domestic product,SK,Slovakia,2021,,74,,,,,
dataflow,ESTAT:TEC00114(1.0),GDP per capita in PPS,A,Annual,VI_PPS_EU27_2020_HAB,Volume indices of real expenditure per capita (in PPS_EU27_2020=100),GDP,Gross domestic product,SK,Slovakia,2022,,71,,,,,
dataflow,ESTAT:TEC00114(1.0),GDP per capita in PPS,A,Annual,VI_PPS_EU27_2020_HAB,Volume indices of real expenditure per capita (in PPS_EU27_2020=100),GDP,Gross domestic product,SK,Slovakia,2023,,74,,,,,
dataflow,ESTAT:TEC00114(1.0),GDP per capita in PPS,A,Annual,VI_PPS_EU27_2020_HAB,Volume indices of real expenditure per capita (in PPS_EU27_2020=100),GDP,Gross domestic product,SK,Slovakia,2024,,75,,,,,
dataflow,ESTAT:TEC00114(1.0),GDP per capita in PPS,A,Annual,VI_PPS_EU27_2020_HAB,Volume indices of real expenditure per capita (in PPS_EU27_2020=100),GDP,Gross domestic product,TR,Türkiye,2020,,60,,,,,
dataflow,ESTAT:TEC00114(1.0),GDP per capita in PPS,A,Annual,VI_PPS_EU27_2020_HAB,Volume indices of real expenditure per capita (in PPS_EU27_2020=100),GDP,Gross domestic product,TR,Türkiye,2021,,60,,,,,
dataflow,ESTAT:TEC00114(1.0),GDP per capita in PPS,A,Annual,VI_PPS_EU27_2020_HAB,Volume indices of real expenditure per capita (in PPS_EU27_2020=100),GDP,Gross domestic product,TR,Türkiye,2022,,68,,,,,
dataflow,ESTAT:TEC00114(1.0),GDP per capita in PPS,A,Annual,VI_PPS_EU27_2020_HAB,Volume indices of real expenditure per capita (in PPS_EU27_2020=100),GDP,Gross domestic product,TR,Türkiye,2023,,72,,,,,
dataflow,ESTAT:TEC00114(1.0),GDP per capita in PPS,A,Annual,VI_PPS_EU27_2020_HAB,Volume indices of real expenditure per capita (in PPS_EU27_2020=100),GDP,Gross domestic product,TR,Türkiye,2024,,71,,,,,
dataflow,ESTAT:TEC00114(1.0),GDP per capita in PPS,A,Annual,VI_PPS_EU27_2020_HAB,Volume indices of real expenditure per capita (in PPS_EU27_2020=100),GDP,Gross domestic product,UK,United Kingdom,2020,,101,,,,,
dataflow,ESTAT:TEC00114(1.0),GDP per capita in PPS,A,Annual,VI_PPS_EU27_2020_HAB,Volume indices of real expenditure per capita (in PPS_EU27_2020=100),GDP,Gross domestic product,UK,United Kingdom,2021,,98,,,,,
dataflow,ESTAT:TEC00114(1.0),GDP per capita in PPS,A,Annual,VI_PPS_EU27_2020_HAB,Volume indices of real expenditure per capita (in PPS_EU27_2020=100),GDP,Gross domestic product,UK,United Kingdom,2022,,102,,,,,
dataflow,ESTAT:TEC00114(1.0),GDP per capita in PPS,A,Annual,VI_PPS_EU27_2020_HAB,Volume indices of real expenditure per capita (in PPS_EU27_2020=100),GDP,Gross domestic product,UK,United Kingdom,2023,,99,,,,,
dataflow,ESTAT:TEC00114(1.0),GDP per capita in PPS,A,Annual,VI_PPS_EU27_2020_HAB,Volume indices of real expenditure per capita (in PPS_EU27_2020=100),GDP,Gross domestic product,US,United States,2020,,135,,,,,
dataflow,ESTAT:TEC00114(1.0),GDP per capita in PPS,A,Annual,VI_PPS_EU27_2020_HAB,Volume indices of real expenditure per capita (in PPS_EU27_2020=100),GDP,Gross domestic product,US,United States,2021,,137,,,,,
dataflow,ESTAT:TEC00114(1.0),GDP per capita in PPS,A,Annual,VI_PPS_EU27_2020_HAB,Volume indices of real expenditure per capita (in PPS_EU27_2020=100),GDP,Gross domestic product,US,United States,2022,,136,,,,,
dataflow,ESTAT:TEC00114(1.0),GDP per capita in PPS,A,Annual,VI_PPS_EU27_2020_HAB,Volume indices of real expenditure per capita (in PPS_EU27_2020=100),GDP,Gross domestic product,US,United States,2023,,141,,,,,
