STRUCTURE,STRUCTURE_ID,STRUCTURE_NAME,freq,Time frequency,unit,Unit of measure,nace_r2,Statistical classification of economic activities in the European Community (NACE Rev. 2),na_item,National accounts indicator (ESA 2010),geo,Geopolitical entity (reporting),TIME_PERIOD,Time,OBS_VALUE,Observation value,OBS_FLAG,Observation status (Flag) V2 structure,CONF_STATUS,Confidentiality status (flag)
dataflow,ESTAT:NAMA_10_A10(1.0),Gross value added and income by main industry (NACE Rev.2 ),A,Annual,PC_GDP,Percentage of gross domestic product (GDP),O-Q,"Public administration, defence, education, human health and social work activities",B1G,"Value added, gross",AL,Albania,2020,,11.9,,,,,
dataflow,ESTAT:NAMA_10_A10(1.0),Gross value added and income by main industry (NACE Rev.2 ),A,Annual,PC_GDP,Percentage of gross domestic product (GDP),O-Q,"Public administration, defence, education, human health and social work activities",B1G,"Value added, gross",AL,Albania,2021,,11.9,,,,,
dataflow,ESTAT:NAMA_10_A10(1.0),Gross value added and income by main industry (NACE Rev.2 ),A,Annual,PC_GDP,Percentage of gross domestic product (GDP),O-Q,"Public administration, defence, education, human health and social work activities",B1G,"Value added, gross",AL,Albania,2022,,11.0,,,,,
dataflow,ESTAT:NAMA_10_A10(1.0),Gross value added and income by main industry (NACE Rev.2 ),A,Annual,PC_GDP,Percentage of gross domestic product (GDP),O-Q,"Public administration, defence, education, human health and social work activities",B1G,"Value added, gross",AL,Albania,2023,,11.3,,,,,
dataflow,ESTAT:NAMA_10_A10(1.0),Gross value added and income by main industry (NACE Rev.2 ),A,Annual,PC_GDP,Percentage of gross domestic product (GDP),O-Q,"Public administration, defence, education, human health and social work activities",B1G,"Value added, gross",AL,Albania,2024,,11.6,,p,provisional,,
dataflow,ESTAT:NAMA_10_A10(1.0),Gross value added and income by main industry (NACE Rev.2 ),A,Annual,PC_GDP,Percentage of gross domestic product (GDP),O-Q,"Public administration, defence, education, human health and social work activities",B1G,"Value added, gross",AT,Austria,2020,,17.1,,,,,
dataflow,ESTAT:NAMA_10_A10(1.0),Gross value added and income by main industry (NACE Rev.2 ),A,Annual,PC_GDP,Percentage of gross domestic product (GDP),O-Q,"Public administration, defence, education, human health and social work activities",B1G,"Value added, gross",AT,Austria,2021,,16.9,,,,,
dataflow,ESTAT:NAMA_10_A10(1.0),Gross value added and income by main industry (NACE Rev.2 ),A,Annual,PC_GDP,Percentage of gross domestic product (GDP),O-Q,"Public administration, defence, education, human health and social work activities",B1G,"Value added, gross",AT,Austria,2022,,16.1,,,,,
dataflow,ESTAT:NAMA_10_A10(1.0),Gross value added and income by main industry (NACE Rev.2 ),A,Annual,PC_GDP,Percentage of gross domestic product (GDP),O-Q,"Public administration, defence, education, human health and social work activities",B1G,"Value added, gross",AT,Austria,2023,,16.3,,,,,
dataflow,ESTAT:NAMA_10_A10(1.0),Gross value added and income by main industry (NACE Rev.2 ),A,Annual,PC_GDP,Percentage of gross domestic product (GDP),O-Q,"Public administration, defence, education, human health and social work activities",B1G,"Value added, gross",AT,Austria,2024,,17.5,,,,,
dataflow,ESTAT:NAMA_10_A10(1.0),Gross value added and income by main industry (NACE Rev.2 ),A,Annual,PC_GDP,Percentage of gross domestic product (GDP),O-Q,"Public administration, defence, education, human health and social work activities",B1G,"Value added, gross",BA,Bosnia and Herzegovina,2020,,17.2,,,,,
dataflow,ESTAT:NAMA_10_A10(1.0),Gross value added and income by main industry (NACE Rev.2 ),A,Annual,PC_GDP,Percentage of gross domestic product (GDP),O-Q,"Public administration, defence, education, human health and social work activities",B1G,"Value added, gross",BA,Bosnia and Herzegovina,2021,,16.1,,,,,
dataflow,ESTAT:NAMA_10_A10(1.0),Gross value added and income by main industry (NACE Rev.2 ),A,Annual,PC_GDP,Percentage of gross domestic product (GDP),O-Q,"Public administration, defence, education, human health and social work activities",B1G,"Value added, gross",BA,Bosnia and Herzegovina,2022,,15.5,,,,,
dataflow,ESTAT:NAMA_10_A10(1.0),Gross value added and income by main industry (NACE Rev.2 ),A,Annual,PC_GDP,Percentage of gross domestic product (GDP),O-Q,"Public administration, defence, education, human health and social work activities",B1G,"Value added, gross",BA,Bosnia and Herzegovina,2023,,16.0,,,,,
dataflow,ESTAT:NAMA_10_A10(1.0),Gross value added and income by main industry (NACE Rev.2 ),A,Annual,PC_GDP,Percentage of gross domestic product (GDP),O-Q,"Public administration, defence, education, human health and social work activities",B1G,"Value added, gross",BA,Bosnia and Herzegovina,2024,,16.4,,,,,
dataflow,ESTAT:NAMA_10_A10(1.0),Gross value added and income by main industry (NACE Rev.2 ),A,Annual,PC_GDP,Percentage of gross domestic product (GDP),O-Q,"Public administration, defence, education, human health and social work activities",B1G,"Value added, gross",BE,Belgium,2020,,19.9,,,,,
dataflow,ESTAT:NAMA_10_A10(1.0),Gross value added and income by main industry (NACE Rev.2 ),A,Annual,PC_GDP,Percentage of gross domestic product (GDP),O-Q,"Public administration, defence, education, human health and social work activities",B1G,"Value added, gross",BE,Belgium,2021,,19.6,,,,,
dataflow,ESTAT:NAMA_10_A10(1.0),Gross value added and income by main industry (NACE Rev.2 ),A,Annual,PC_GDP,Percentage of gross domestic product (GDP),O-Q,"Public administration, defence, education, human health and social work activities",B1G,"Value added, gross",BE,Belgium,2022,,19.2,,,,,
dataflow,ESTAT:NAMA_10_A10(1.0),Gross value added and income by main industry (NACE Rev.2 ),A,Annual,PC_GDP,Percentage of gross domestic product (GDP),O-Q,"Public administration, defence, education, human health and social work activities",B1G,"Value added, gross",BE,Belgium,2023,,19.7,,p,provisional,,
dataflow,ESTAT:NAMA_10_A10(1.0),Gross value added and income by main industry (NACE Rev.2 ),A,Annual,PC_GDP,Percentage of gross domestic product (GDP),O-Q,"Public administration, defence, education, human health and social work activities",B1G,"Value added, gross",BE,Belgium,2024,,20.0,,p,provisional,,
dataflow,ESTAT:NAMA_10_A10(1.0),Gross value added and income by main industry (NACE Rev.2 ),A,Annual,PC_GDP,Percentage of gross domestic product (GDP),O-Q,"Public administration, defence, education, human health and social work activities",B1G,"Value added, gross",BG,Bulgaria,2020,,14.3,,,,,
dataflow,ESTAT:NAMA_10_A10(1.0),Gross value added and income by main industry (NACE Rev.2 ),A,Annual,PC_GDP,Percentage of gross domestic product (GDP),O-Q,"Public administration, defence, education, human health and social work activities",B1G,"Value added, gross",BG,Bulgaria,2021,,14.0,,,,,
dataflow,ESTAT:NAMA_10_A10(1.0),Gross value added and income by main industry (NACE Rev.2 ),A,Annual,PC_GDP,Percentage of gross domestic product (GDP),O-Q,"Public administration, defence, education, human health and social work activities",B1G,"Value added, gross",BG,Bulgaria,2022,,13.5,,,,,
dataflow,ESTAT:NAMA_10_A10(1.0),Gross value added and income by main industry (NACE Rev.2 ),A,Annual,PC_GDP,Percentage of gross domestic product (GDP),O-Q,"Public administration, defence, education, human health and social work activities",B1G,"Value added, gross",BG,Bulgaria,2023,,14.1,,,,,
dataflow,ESTAT:NAMA_10_A10(1.0),Gross value added and income by main industry (NACE Rev.2 ),A,Annual,PC_GDP,Percentage of gross domestic product (GDP),O-Q,"Public administration, defence, education, human health and social work activities",B1G,"Value added, gross",BG,Bulgaria,2024,,15.1,,p,provisional,,
dataflow,ESTAT:NAMA_10_A10(1.0),Gross value added and income by main industry (NACE Rev.2 ),A,Annual,PC_GDP,Percentage of gross domestic product (GDP),O-Q,"Public administration, defence, education, human health and social work activities",B1G,"Value added, gross",CH,Switzerland,2020,,19.2,,,,,
dataflow,ESTAT:NAMA_10_A10(1.0),Gross value added and income by main industry (NACE Rev.2 ),A,Annual,PC_GDP,Percentage of gross domestic product (GDP),O-Q,"Public administration, defence, education, human health and social work activities",B1G,"Value added, gross",CH,Switzerland,2021,,18.6,,,,,
dataflow,ESTAT:NAMA_10_A10(1.0),Gross value added and income by main industry (NACE Rev.2 ),A,Annual,PC_GDP,Percentage of gross domestic product (GDP),O-Q,"Public administration, defence, education, human health and social work activities",B1G,"Value added, gross",CH,Switzerland,2022,,18.2,,,,,
dataflow,ESTAT:NAMA_10_A10(1.0),Gross value added and income by main industry (NACE Rev.2 ),A,Annual,PC_GDP,Percentage of gross domestic product (GDP),O-Q,"Public administration, defence, education, human health and social work activities",B1G,"Value added, gross",CH,Switzerland,2023,,18.7,,,,,
dataflow,ESTAT:NAMA_10_A10(1.0),Gross value added and income by main industry (NACE Rev.2 ),A,Annual,PC_GDP,Percentage of gross domestic product (GDP),O-Q,"Public administration, defence, education, human health and social work activities",B1G,"Value added, gross",CH,Switzerland,2024,,18.9,,,,,
dataflow,ESTAT:NAMA_10_A10(1.0),Gross value added and income by main industry (NACE Rev.2 ),A,Annual,PC_GDP,Percentage of gross domestic product (GDP),O-Q,"Public administration, defence, education, human health and social work activities",B1G,"Value added, gross",CY,Cyprus,2020,,18.4,,,,,
dataflow,ESTAT:NAMA_10_A10(1.0),Gross value added and income by main industry (NACE Rev.2 ),A,Annual,PC_GDP,Percentage of gross domestic product (GDP),O-Q,"Public administration, defence, education, human health and social work activities",B1G,"Value added, gross",CY,Cyprus,2021,,17.0,,,,,
dataflow,ESTAT:NAMA_10_A10(1.0),Gross value added and income by main industry (NACE Rev.2 ),A,Annual,PC_GDP,Percentage of gross domestic product (GDP),O-Q,"Public administration, defence, education, human health and social work activities",B1G,"Value added, gross",CY,Cyprus,2022,,16.1,,,,,
dataflow,ESTAT:NAMA_10_A10(1.0),Gross value added and income by main industry (NACE Rev.2 ),A,Annual,PC_GDP,Percentage of gross domestic product (GDP),O-Q,"Public administration, defence, education, human health and social work activities",B1G,"Value added, gross",CY,Cyprus,2023,,16.1,,,,,
dataflow,ESTAT:NAMA_10_A10(1.0),Gross value added and income by main industry (NACE Rev.2 ),A,Annual,PC_GDP,Percentage of gross domestic product (GDP),O-Q,"Public administration, defence, education, human health and social work activities",B1G,"Value added, gross",CY,Cyprus,2024,,16.0,,p,provisional,,
dataflow,ESTAT:NAMA_10_A10(1.0),Gross value added and income by main industry (NACE Rev.2 ),A,Annual,PC_GDP,Percentage of gross domestic product (GDP),O-Q,"Public administration, defence, education, human health and social work activities",B1G,"Value added, gross",CZ,Czechia,2020,,15.3,,,,,
dataflow,ESTAT:NAMA_10_A10(1.0),Gross value added and income by main industry (NACE Rev.2 ),A,Annual,PC_GDP,Percentage of gross domestic product (GDP),O-Q,"Public administration, defence, education, human health and social work activities",B1G,"Value added, gross",CZ,Czechia,2021,,15.3,,,,,
dataflow,ESTAT:NAMA_10_A10(1.0),Gross value added and income by main industry (NACE Rev.2 ),A,Annual,PC_GDP,Percentage of gross domestic product (GDP),O-Q,"Public administration, defence, education, human health and social work activities",B1G,"Value added, gross",CZ,Czechia,2022,,14.4,,,,,
dataflow,ESTAT:NAMA_10_A10(1.0),Gross value added and income by main industry (NACE Rev.2 ),A,Annual,PC_GDP,Percentage of gross domestic product (GDP),O-Q,"Public administration, defence, education, human health and social work activities",B1G,"Value added, gross",CZ,Czechia,2023,,14.3,,,,,
dataflow,ESTAT:NAMA_10_A10(1.0),Gross value added and income by main industry (NACE Rev.2 ),A,Annual,PC_GDP,Percentage of gross domestic product (GDP),O-Q,"Public administration, defence, education, human health and social work activities",B1G,"Value added, gross",CZ,Czechia,2024,,14.3,,,,,
dataflow,ESTAT:NAMA_10_A10(1.0),Gross value added and income by main industry (NACE Rev.2 ),A,Annual,PC_GDP,Percentage of gross domestic product (GDP),O-Q,"Public administration, defence, education, human health and social work activities",B1G,"Value added, gross",DE,Germany,2020,,18.3,,,,,
dataflow,ESTAT:NAMA_10_A10(1.0),Gross value added and income by main industry (NACE Rev.2 ),A,Annual,PC_GDP,Percentage of gross domestic product (GDP),O-Q,"Public administration, defence, education, human health and social work activities",B1G,"Value added, gross",DE,Germany,2021,,17.8,,p,provisional,,
dataflow,ESTAT:NAMA_10_A10(1.0),Gross value added and income by main industry (NACE Rev.2 ),A,Annual,PC_GDP,Percentage of gross domestic product (GDP),O-Q,"Public administration, defence, education, human health and social work activities",B1G,"Value added, gross",DE,Germany,2022,,17.6,,p,provisional,,
dataflow,ESTAT:NAMA_10_A10(1.0),Gross value added and income by main industry (NACE Rev.2 ),A,Annual,PC_GDP,Percentage of gross domestic product (GDP),O-Q,"Public administration, defence, education, human health and social work activities",B1G,"Value added, gross",DE,Germany,2023,,17.7,,p,provisional,,
dataflow,ESTAT:NAMA_10_A10(1.0),Gross value added and income by main industry (NACE Rev.2 ),A,Annual,PC_GDP,Percentage of gross domestic product (GDP),O-Q,"Public administration, defence, education, human health and social work activities",B1G,"Value added, gross",DE,Germany,2024,,18.3,,p,provisional,,
dataflow,ESTAT:NAMA_10_A10(1.0),Gross value added and income by main industry (NACE Rev.2 ),A,Annual,PC_GDP,Percentage of gross domestic product (GDP),O-Q,"Public administration, defence, education, human health and social work activities",B1G,"Value added, gross",DK,Denmark,2020,,18.6,,,,,
dataflow,ESTAT:NAMA_10_A10(1.0),Gross value added and income by main industry (NACE Rev.2 ),A,Annual,PC_GDP,Percentage of gross domestic product (GDP),O-Q,"Public administration, defence, education, human health and social work activities",B1G,"Value added, gross",DK,Denmark,2021,,17.9,,,,,
dataflow,ESTAT:NAMA_10_A10(1.0),Gross value added and income by main industry (NACE Rev.2 ),A,Annual,PC_GDP,Percentage of gross domestic product (GDP),O-Q,"Public administration, defence, education, human health and social work activities",B1G,"Value added, gross",DK,Denmark,2022,,16.6,,,,,
dataflow,ESTAT:NAMA_10_A10(1.0),Gross value added and income by main industry (NACE Rev.2 ),A,Annual,PC_GDP,Percentage of gross domestic product (GDP),O-Q,"Public administration, defence, education, human health and social work activities",B1G,"Value added, gross",DK,Denmark,2023,,17.3,,,,,
dataflow,ESTAT:NAMA_10_A10(1.0),Gross value added and income by main industry (NACE Rev.2 ),A,Annual,PC_GDP,Percentage of gross domestic product (GDP),O-Q,"Public administration, defence, education, human health and social work activities",B1G,"Value added, gross",DK,Denmark,2024,,17.4,,,,,
dataflow,ESTAT:NAMA_10_A10(1.0),Gross value added and income by main industry (NACE Rev.2 ),A,Annual,PC_GDP,Percentage of gross domestic product (GDP),O-Q,"Public administration, defence, education, human health and social work activities",B1G,"Value added, gross",EE,Estonia,2020,,14.5,,,,,
dataflow,ESTAT:NAMA_10_A10(1.0),Gross value added and income by main industry (NACE Rev.2 ),A,Annual,PC_GDP,Percentage of gross domestic product (GDP),O-Q,"Public administration, defence, education, human health and social work activities",B1G,"Value added, gross",EE,Estonia,2021,,13.9,,,,,
dataflow,ESTAT:NAMA_10_A10(1.0),Gross value added and income by main industry (NACE Rev.2 ),A,Annual,PC_GDP,Percentage of gross domestic product (GDP),O-Q,"Public administration, defence, education, human health and social work activities",B1G,"Value added, gross",EE,Estonia,2022,,13.3,,,,,
dataflow,ESTAT:NAMA_10_A10(1.0),Gross value added and income by main industry (NACE Rev.2 ),A,Annual,PC_GDP,Percentage of gross domestic product (GDP),O-Q,"Public administration, defence, education, human health and social work activities",B1G,"Value added, gross",EE,Estonia,2023,,14.7,,,,,
dataflow,ESTAT:NAMA_10_A10(1.0),Gross value added and income by main industry (NACE Rev.2 ),A,Annual,PC_GDP,Percentage of gross domestic product (GDP),O-Q,"Public administration, defence, education, human health and social work activities",B1G,"Value added, gross",EE,Estonia,2024,,15.2,,,,,
dataflow,ESTAT:NAMA_10_A10(1.0),Gross value added and income by main industry (NACE Rev.2 ),A,Annual,PC_GDP,Percentage of gross domestic product (GDP),O-Q,"Public administration, defence, education, human health and social work activities",B1G,"Value added, gross",EL,Greece,2020,,18.6,,,,,
dataflow,ESTAT:NAMA_10_A10(1.0),Gross value added and income by main industry (NACE Rev.2 ),A,Annual,PC_GDP,Percentage of gross domestic product (GDP),O-Q,"Public administration, defence, education, human health and social work activities",B1G,"Value added, gross",EL,Greece,2021,,17.4,,,,,
dataflow,ESTAT:NAMA_10_A10(1.0),Gross value added and income by main industry (NACE Rev.2 ),A,Annual,PC_GDP,Percentage of gross domestic product (GDP),O-Q,"Public administration, defence, education, human health and social work activities",B1G,"Value added, gross",EL,Greece,2022,,16.0,,p,provisional,,
dataflow,ESTAT:NAMA_10_A10(1.0),Gross value added and income by main industry (NACE Rev.2 ),A,Annual,PC_GDP,Percentage of gross domestic product (GDP),O-Q,"Public administration, defence, education, human health and social work activities",B1G,"Value added, gross",EL,Greece,2023,,15.4,,p,provisional,,
dataflow,ESTAT:NAMA_10_A10(1.0),Gross value added and income by main industry (NACE Rev.2 ),A,Annual,PC_GDP,Percentage of gross domestic product (GDP),O-Q,"Public administration, defence, education, human health and social work activities",B1G,"Value added, gross",EL,Greece,2024,,15.1,,p,provisional,,
dataflow,ESTAT:NAMA_10_A10(1.0),Gross value added and income by main industry (NACE Rev.2 ),A,Annual,PC_GDP,Percentage of gross domestic product (GDP),O-Q,"Public administration, defence, education, human health and social work activities",B1G,"Value added, gross",ES,Spain,2020,,18.1,,,,,
dataflow,ESTAT:NAMA_10_A10(1.0),Gross value added and income by main industry (NACE Rev.2 ),A,Annual,PC_GDP,Percentage of gross domestic product (GDP),O-Q,"Public administration, defence, education, human health and social work activities",B1G,"Value added, gross",ES,Spain,2021,,17.0,,,,,
dataflow,ESTAT:NAMA_10_A10(1.0),Gross value added and income by main industry (NACE Rev.2 ),A,Annual,PC_GDP,Percentage of gross domestic product (GDP),O-Q,"Public administration, defence, education, human health and social work activities",B1G,"Value added, gross",ES,Spain,2022,,16.1,,p,provisional,,
dataflow,ESTAT:NAMA_10_A10(1.0),Gross value added and income by main industry (NACE Rev.2 ),A,Annual,PC_GDP,Percentage of gross domestic product (GDP),O-Q,"Public administration, defence, education, human health and social work activities",B1G,"Value added, gross",ES,Spain,2023,,15.9,,p,provisional,,
dataflow,ESTAT:NAMA_10_A10(1.0),Gross value added and income by main industry (NACE Rev.2 ),A,Annual,PC_GDP,Percentage of gross domestic product (GDP),O-Q,"Public administration, defence, education, human health and social work activities",B1G,"Value added, gross",ES,Spain,2024,,15.8,,p,provisional,,
dataflow,ESTAT:NAMA_10_A10(1.0),Gross value added and income by main industry (NACE Rev.2 ),A,Annual,PC_GDP,Percentage of gross domestic product (GDP),O-Q,"Public administration, defence, education, human health and social work activities",B1G,"Value added, gross",EU27_2020,European Union - 27 countries (from 2020),2020,,17.8,,,,,
dataflow,ESTAT:NAMA_10_A10(1.0),Gross value added and income by main industry (NACE Rev.2 ),A,Annual,PC_GDP,Percentage of gross domestic product (GDP),O-Q,"Public administration, defence, education, human health and social work activities",B1G,"Value added, gross",EU27_2020,European Union - 27 countries (from 2020),2021,,17.2,,,,,
dataflow,ESTAT:NAMA_10_A10(1.0),Gross value added and income by main industry (NACE Rev.2 ),A,Annual,PC_GDP,Percentage of gross domestic product (GDP),O-Q,"Public administration, defence, education, human health and social work activities",B1G,"Value added, gross",EU27_2020,European Union - 27 countries (from 2020),2022,,16.6,,,,,
dataflow,ESTAT:NAMA_10_A10(1.0),Gross value added and income by main industry (NACE Rev.2 ),A,Annual,PC_GDP,Percentage of gross domestic product (GDP),O-Q,"Public administration, defence, education, human health and social work activities",B1G,"Value added, gross",EU27_2020,European Union - 27 countries (from 2020),2023,,16.6,,,,,
dataflow,ESTAT:NAMA_10_A10(1.0),Gross value added and income by main industry (NACE Rev.2 ),A,Annual,PC_GDP,Percentage of gross domestic product (GDP),O-Q,"Public administration, defence, education, human health and social work activities",B1G,"Value added, gross",EU27_2020,European Union - 27 countries (from 2020),2024,,16.9,,,,,
dataflow,ESTAT:NAMA_10_A10(1.0),Gross value added and income by main industry (NACE Rev.2 ),A,Annual,PC_GDP,Percentage of gross domestic product (GDP),O-Q,"Public administration, defence, education, human health and social work activities",B1G,"Value added, gross",FI,Finland,2020,,17.9,,,,,
dataflow,ESTAT:NAMA_10_A10(1.0),Gross value added and income by main industry (NACE Rev.2 ),A,Annual,PC_GDP,Percentage of gross domestic product (GDP),O-Q,"Public administration, defence, education, human health and social work activities",B1G,"Value added, gross",FI,Finland,2021,,18.0,,,,,
dataflow,ESTAT:NAMA_10_A10(1.0),Gross value added and income by main industry (NACE Rev.2 ),A,Annual,PC_GDP,Percentage of gross domestic product (GDP),O-Q,"Public administration, defence, education, human health and social work activities",B1G,"Value added, gross",FI,Finland,2022,,17.7,,,,,
dataflow,ESTAT:NAMA_10_A10(1.0),Gross value added and income by main industry (NACE Rev.2 ),A,Annual,PC_GDP,Percentage of gross domestic product (GDP),O-Q,"Public administration, defence, education, human health and social work activities",B1G,"Value added, gross",FI,Finland,2023,,18.5,,,,,
dataflow,ESTAT:NAMA_10_A10(1.0),Gross value added and income by main industry (NACE Rev.2 ),A,Annual,PC_GDP,Percentage of gross domestic product (GDP),O-Q,"Public administration, defence, education, human health and social work activities",B1G,"Value added, gross",FI,Finland,2024,,19.0,,,,,
dataflow,ESTAT:NAMA_10_A10(1.0),Gross value added and income by main industry (NACE Rev.2 ),A,Annual,PC_GDP,Percentage of gross domestic product (GDP),O-Q,"Public administration, defence, education, human health and social work activities",B1G,"Value added, gross",FR,France,2020,,20.3,,,,,
dataflow,ESTAT:NAMA_10_A10(1.0),Gross value added and income by main industry (NACE Rev.2 ),A,Annual,PC_GDP,Percentage of gross domestic product (GDP),O-Q,"Public administration, defence, education, human health and social work activities",B1G,"Value added, gross",FR,France,2021,,20.0,,,,,
dataflow,ESTAT:NAMA_10_A10(1.0),Gross value added and income by main industry (NACE Rev.2 ),A,Annual,PC_GDP,Percentage of gross domestic product (GDP),O-Q,"Public administration, defence, education, human health and social work activities",B1G,"Value added, gross",FR,France,2022,,19.6,,,,,
dataflow,ESTAT:NAMA_10_A10(1.0),Gross value added and income by main industry (NACE Rev.2 ),A,Annual,PC_GDP,Percentage of gross domestic product (GDP),O-Q,"Public administration, defence, education, human health and social work activities",B1G,"Value added, gross",FR,France,2023,,19.1,,p,provisional,,
dataflow,ESTAT:NAMA_10_A10(1.0),Gross value added and income by main industry (NACE Rev.2 ),A,Annual,PC_GDP,Percentage of gross domestic product (GDP),O-Q,"Public administration, defence, education, human health and social work activities",B1G,"Value added, gross",FR,France,2024,,19.3,,p,provisional,,
dataflow,ESTAT:NAMA_10_A10(1.0),Gross value added and income by main industry (NACE Rev.2 ),A,Annual,PC_GDP,Percentage of gross domestic product (GDP),O-Q,"Public administration, defence, education, human health and social work activities",B1G,"Value added, gross",HR,Croatia,2020,,15.9,,,,,
dataflow,ESTAT:NAMA_10_A10(1.0),Gross value added and income by main industry (NACE Rev.2 ),A,Annual,PC_GDP,Percentage of gross domestic product (GDP),O-Q,"Public administration, defence, education, human health and social work activities",B1G,"Value added, gross",HR,Croatia,2021,,14.9,,,,,
dataflow,ESTAT:NAMA_10_A10(1.0),Gross value added and income by main industry (NACE Rev.2 ),A,Annual,PC_GDP,Percentage of gross domestic product (GDP),O-Q,"Public administration, defence, education, human health and social work activities",B1G,"Value added, gross",HR,Croatia,2022,,13.7,,,,,
dataflow,ESTAT:NAMA_10_A10(1.0),Gross value added and income by main industry (NACE Rev.2 ),A,Annual,PC_GDP,Percentage of gross domestic product (GDP),O-Q,"Public administration, defence, education, human health and social work activities",B1G,"Value added, gross",HR,Croatia,2023,,14.2,,p,provisional,,
dataflow,ESTAT:NAMA_10_A10(1.0),Gross value added and income by main industry (NACE Rev.2 ),A,Annual,PC_GDP,Percentage of gross domestic product (GDP),O-Q,"Public administration, defence, education, human health and social work activities",B1G,"Value added, gross",HR,Croatia,2024,,15.2,,p,provisional,,
dataflow,ESTAT:NAMA_10_A10(1.0),Gross value added and income by main industry (NACE Rev.2 ),A,Annual,PC_GDP,Percentage of gross domestic product (GDP),O-Q,"Public administration, defence, education, human health and social work activities",B1G,"Value added, gross",HU,Hungary,2020,,14.6,,,,,
dataflow,ESTAT:NAMA_10_A10(1.0),Gross value added and income by main industry (NACE Rev.2 ),A,Annual,PC_GDP,Percentage of gross domestic product (GDP),O-Q,"Public administration, defence, education, human health and social work activities",B1G,"Value added, gross",HU,Hungary,2021,,14.2,,,,,
dataflow,ESTAT:NAMA_10_A10(1.0),Gross value added and income by main industry (NACE Rev.2 ),A,Annual,PC_GDP,Percentage of gross domestic product (GDP),O-Q,"Public administration, defence, education, human health and social work activities",B1G,"Value added, gross",HU,Hungary,2022,,14.1,,,,,
dataflow,ESTAT:NAMA_10_A10(1.0),Gross value added and income by main industry (NACE Rev.2 ),A,Annual,PC_GDP,Percentage of gross domestic product (GDP),O-Q,"Public administration, defence, education, human health and social work activities",B1G,"Value added, gross",HU,Hungary,2023,,13.7,,,,,
dataflow,ESTAT:NAMA_10_A10(1.0),Gross value added and income by main industry (NACE Rev.2 ),A,Annual,PC_GDP,Percentage of gross domestic product (GDP),O-Q,"Public administration, defence, education, human health and social work activities",B1G,"Value added, gross",HU,Hungary,2024,,14.1,,p,provisional,,
dataflow,ESTAT:NAMA_10_A10(1.0),Gross value added and income by main industry (NACE Rev.2 ),A,Annual,PC_GDP,Percentage of gross domestic product (GDP),O-Q,"Public administration, defence, education, human health and social work activities",B1G,"Value added, gross",IE,Ireland,2020,,9.6,,,,,
dataflow,ESTAT:NAMA_10_A10(1.0),Gross value added and income by main industry (NACE Rev.2 ),A,Annual,PC_GDP,Percentage of gross domestic product (GDP),O-Q,"Public administration, defence, education, human health and social work activities",B1G,"Value added, gross",IE,Ireland,2021,,8.9,,,,,
dataflow,ESTAT:NAMA_10_A10(1.0),Gross value added and income by main industry (NACE Rev.2 ),A,Annual,PC_GDP,Percentage of gross domestic product (GDP),O-Q,"Public administration, defence, education, human health and social work activities",B1G,"Value added, gross",IE,Ireland,2022,,8.4,,,,,
dataflow,ESTAT:NAMA_10_A10(1.0),Gross value added and income by main industry (NACE Rev.2 ),A,Annual,PC_GDP,Percentage of gross domestic product (GDP),O-Q,"Public administration, defence, education, human health and social work activities",B1G,"Value added, gross",IE,Ireland,2023,,9.4,,,,,
dataflow,ESTAT:NAMA_10_A10(1.0),Gross value added and income by main industry (NACE Rev.2 ),A,Annual,PC_GDP,Percentage of gross domestic product (GDP),O-Q,"Public administration, defence, education, human health and social work activities",B1G,"Value added, gross",IE,Ireland,2024,,9.7,,,,,
dataflow,ESTAT:NAMA_10_A10(1.0),Gross value added and income by main industry (NACE Rev.2 ),A,Annual,PC_GDP,Percentage of gross domestic product (GDP),O-Q,"Public administration, defence, education, human health and social work activities",B1G,"Value added, gross",IS,Iceland,2020,,20.7,,,,,
dataflow,ESTAT:NAMA_10_A10(1.0),Gross value added and income by main industry (NACE Rev.2 ),A,Annual,PC_GDP,Percentage of gross domestic product (GDP),O-Q,"Public administration, defence, education, human health and social work activities",B1G,"Value added, gross",IS,Iceland,2021,,19.3,,,,,
dataflow,ESTAT:NAMA_10_A10(1.0),Gross value added and income by main industry (NACE Rev.2 ),A,Annual,PC_GDP,Percentage of gross domestic product (GDP),O-Q,"Public administration, defence, education, human health and social work activities",B1G,"Value added, gross",IS,Iceland,2022,,18.1,,,,,
dataflow,ESTAT:NAMA_10_A10(1.0),Gross value added and income by main industry (NACE Rev.2 ),A,Annual,PC_GDP,Percentage of gross domestic product (GDP),O-Q,"Public administration, defence, education, human health and social work activities",B1G,"Value added, gross",IS,Iceland,2023,,18.2,,,,,
dataflow,ESTAT:NAMA_10_A10(1.0),Gross value added and income by main industry (NACE Rev.2 ),A,Annual,PC_GDP,Percentage of gross domestic product (GDP),O-Q,"Public administration, defence, education, human health and social work activities",B1G,"Value added, gross",IS,Iceland,2024,,17.8,,,,,
dataflow,ESTAT:NAMA_10_A10(1.0),Gross value added and income by main industry (NACE Rev.2 ),A,Annual,PC_GDP,Percentage of gross domestic product (GDP),O-Q,"Public administration, defence, education, human health and social work activities",B1G,"Value added, gross",IT,Italy,2020,,15.9,,,,,
dataflow,ESTAT:NAMA_10_A10(1.0),Gross value added and income by main industry (NACE Rev.2 ),A,Annual,PC_GDP,Percentage of gross domestic product (GDP),O-Q,"Public administration, defence, education, human health and social work activities",B1G,"Value added, gross",IT,Italy,2021,,15.3,,,,,
dataflow,ESTAT:NAMA_10_A10(1.0),Gross value added and income by main industry (NACE Rev.2 ),A,Annual,PC_GDP,Percentage of gross domestic product (GDP),O-Q,"Public administration, defence, education, human health and social work activities",B1G,"Value added, gross",IT,Italy,2022,,14.4,,,,,
dataflow,ESTAT:NAMA_10_A10(1.0),Gross value added and income by main industry (NACE Rev.2 ),A,Annual,PC_GDP,Percentage of gross domestic product (GDP),O-Q,"Public administration, defence, education, human health and social work activities",B1G,"Value added, gross",IT,Italy,2023,,13.9,,,,,
dataflow,ESTAT:NAMA_10_A10(1.0),Gross value added and income by main industry (NACE Rev.2 ),A,Annual,PC_GDP,Percentage of gross domestic product (GDP),O-Q,"Public administration, defence, education, human health and social work activities",B1G,"Value added, gross",IT,Italy,2024,,14.1,,,,,
dataflow,ESTAT:NAMA_10_A10(1.0),Gross value added and income by main industry (NACE Rev.2 ),A,Annual,PC_GDP,Percentage of gross domestic product (GDP),O-Q,"Public administration, defence, education, human health and social work activities",B1G,"Value added, gross",LI,Liechtenstein,2020,,9.7,,,,,
dataflow,ESTAT:NAMA_10_A10(1.0),Gross value added and income by main industry (NACE Rev.2 ),A,Annual,PC_GDP,Percentage of gross domestic product (GDP),O-Q,"Public administration, defence, education, human health and social work activities",B1G,"Value added, gross",LI,Liechtenstein,2021,,8.5,,,,,
dataflow,ESTAT:NAMA_10_A10(1.0),Gross value added and income by main industry (NACE Rev.2 ),A,Annual,PC_GDP,Percentage of gross domestic product (GDP),O-Q,"Public administration, defence, education, human health and social work activities",B1G,"Value added, gross",LI,Liechtenstein,2022,,8.8,,p,provisional,,
dataflow,ESTAT:NAMA_10_A10(1.0),Gross value added and income by main industry (NACE Rev.2 ),A,Annual,PC_GDP,Percentage of gross domestic product (GDP),O-Q,"Public administration, defence, education, human health and social work activities",B1G,"Value added, gross",LT,Lithuania,2020,,14.4,,,,,
dataflow,ESTAT:NAMA_10_A10(1.0),Gross value added and income by main industry (NACE Rev.2 ),A,Annual,PC_GDP,Percentage of gross domestic product (GDP),O-Q,"Public administration, defence, education, human health and social work activities",B1G,"Value added, gross",LT,Lithuania,2021,,14.2,,,,,
dataflow,ESTAT:NAMA_10_A10(1.0),Gross value added and income by main industry (NACE Rev.2 ),A,Annual,PC_GDP,Percentage of gross domestic product (GDP),O-Q,"Public administration, defence, education, human health and social work activities",B1G,"Value added, gross",LT,Lithuania,2022,,13.5,,,,,
dataflow,ESTAT:NAMA_10_A10(1.0),Gross value added and income by main industry (NACE Rev.2 ),A,Annual,PC_GDP,Percentage of gross domestic product (GDP),O-Q,"Public administration, defence, education, human health and social work activities",B1G,"Value added, gross",LT,Lithuania,2023,,14.0,,,,,
dataflow,ESTAT:NAMA_10_A10(1.0),Gross value added and income by main industry (NACE Rev.2 ),A,Annual,PC_GDP,Percentage of gross domestic product (GDP),O-Q,"Public administration, defence, education, human health and social work activities",B1G,"Value added, gross",LT,Lithuania,2024,,15.1,,,,,
dataflow,ESTAT:NAMA_10_A10(1.0),Gross value added and income by main industry (NACE Rev.2 ),A,Annual,PC_GDP,Percentage of gross domestic product (GDP),O-Q,"Public administration, defence, education, human health and social work activities",B1G,"Value added, gross",LU,Luxembourg,2020,,16.1,,,,,
dataflow,ESTAT:NAMA_10_A10(1.0),Gross value added and income by main industry (NACE Rev.2 ),A,Annual,PC_GDP,Percentage of gross domestic product (GDP),O-Q,"Public administration, defence, education, human health and social work activities",B1G,"Value added, gross",LU,Luxembourg,2021,,15.4,,,,,
dataflow,ESTAT:NAMA_10_A10(1.0),Gross value added and income by main industry (NACE Rev.2 ),A,Annual,PC_GDP,Percentage of gross domestic product (GDP),O-Q,"Public administration, defence, education, human health and social work activities",B1G,"Value added, gross",LU,Luxembourg,2022,,16.0,,,,,
dataflow,ESTAT:NAMA_10_A10(1.0),Gross value added and income by main industry (NACE Rev.2 ),A,Annual,PC_GDP,Percentage of gross domestic product (GDP),O-Q,"Public administration, defence, education, human health and social work activities",B1G,"Value added, gross",LU,Luxembourg,2023,,16.9,,,,,
dataflow,ESTAT:NAMA_10_A10(1.0),Gross value added and income by main industry (NACE Rev.2 ),A,Annual,PC_GDP,Percentage of gross domestic product (GDP),O-Q,"Public administration, defence, education, human health and social work activities",B1G,"Value added, gross",LU,Luxembourg,2024,,17.8,,p,provisional,,
dataflow,ESTAT:NAMA_10_A10(1.0),Gross value added and income by main industry (NACE Rev.2 ),A,Annual,PC_GDP,Percentage of gross domestic product (GDP),O-Q,"Public administration, defence, education, human health and social work activities",B1G,"Value added, gross",LV,Latvia,2020,,16.0,,,,,
dataflow,ESTAT:NAMA_10_A10(1.0),Gross value added and income by main industry (NACE Rev.2 ),A,Annual,PC_GDP,Percentage of gross domestic product (GDP),O-Q,"Public administration, defence, education, human health and social work activities",B1G,"Value added, gross",LV,Latvia,2021,,16.5,,,,,
dataflow,ESTAT:NAMA_10_A10(1.0),Gross value added and income by main industry (NACE Rev.2 ),A,Annual,PC_GDP,Percentage of gross domestic product (GDP),O-Q,"Public administration, defence, education, human health and social work activities",B1G,"Value added, gross",LV,Latvia,2022,,15.9,,,,,
dataflow,ESTAT:NAMA_10_A10(1.0),Gross value added and income by main industry (NACE Rev.2 ),A,Annual,PC_GDP,Percentage of gross domestic product (GDP),O-Q,"Public administration, defence, education, human health and social work activities",B1G,"Value added, gross",LV,Latvia,2023,,16.2,,,,,
dataflow,ESTAT:NAMA_10_A10(1.0),Gross value added and income by main industry (NACE Rev.2 ),A,Annual,PC_GDP,Percentage of gross domestic product (GDP),O-Q,"Public administration, defence, education, human health and social work activities",B1G,"Value added, gross",LV,Latvia,2024,,17.3,,,,,
dataflow,ESTAT:NAMA_10_A10(1.0),Gross value added and income by main industry (NACE Rev.2 ),A,Annual,PC_GDP,Percentage of gross domestic product (GDP),O-Q,"Public administration, defence, education, human health and social work activities",B1G,"Value added, gross",ME,Montenegro,2020,,16.7,,,,,
dataflow,ESTAT:NAMA_10_A10(1.0),Gross value added and income by main industry (NACE Rev.2 ),A,Annual,PC_GDP,Percentage of gross domestic product (GDP),O-Q,"Public administration, defence, education, human health and social work activities",B1G,"Value added, gross",ME,Montenegro,2021,,15.5,,,,,
dataflow,ESTAT:NAMA_10_A10(1.0),Gross value added and income by main industry (NACE Rev.2 ),A,Annual,PC_GDP,Percentage of gross domestic product (GDP),O-Q,"Public administration, defence, education, human health and social work activities",B1G,"Value added, gross",ME,Montenegro,2022,,13.7,,,,,
dataflow,ESTAT:NAMA_10_A10(1.0),Gross value added and income by main industry (NACE Rev.2 ),A,Annual,PC_GDP,Percentage of gross domestic product (GDP),O-Q,"Public administration, defence, education, human health and social work activities",B1G,"Value added, gross",ME,Montenegro,2023,,13.9,,,,,
dataflow,ESTAT:NAMA_10_A10(1.0),Gross value added and income by main industry (NACE Rev.2 ),A,Annual,PC_GDP,Percentage of gross domestic product (GDP),O-Q,"Public administration, defence, education, human health and social work activities",B1G,"Value added, gross",ME,Montenegro,2024,,13.8,,p,provisional,,
dataflow,ESTAT:NAMA_10_A10(1.0),Gross value added and income by main industry (NACE Rev.2 ),A,Annual,PC_GDP,Percentage of gross domestic product (GDP),O-Q,"Public administration, defence, education, human health and social work activities",B1G,"Value added, gross",MK,North Macedonia,2020,,13.3,,,,,
dataflow,ESTAT:NAMA_10_A10(1.0),Gross value added and income by main industry (NACE Rev.2 ),A,Annual,PC_GDP,Percentage of gross domestic product (GDP),O-Q,"Public administration, defence, education, human health and social work activities",B1G,"Value added, gross",MK,North Macedonia,2021,,12.8,,,,,
dataflow,ESTAT:NAMA_10_A10(1.0),Gross value added and income by main industry (NACE Rev.2 ),A,Annual,PC_GDP,Percentage of gross domestic product (GDP),O-Q,"Public administration, defence, education, human health and social work activities",B1G,"Value added, gross",MK,North Macedonia,2022,,11.7,,,,,
dataflow,ESTAT:NAMA_10_A10(1.0),Gross value added and income by main industry (NACE Rev.2 ),A,Annual,PC_GDP,Percentage of gross domestic product (GDP),O-Q,"Public administration, defence, education, human health and social work activities",B1G,"Value added, gross",MK,North Macedonia,2023,,11.9,,p,provisional,,
dataflow,ESTAT:NAMA_10_A10(1.0),Gross value added and income by main industry (NACE Rev.2 ),A,Annual,PC_GDP,Percentage of gross domestic product (GDP),O-Q,"Public administration, defence, education, human health and social work activities",B1G,"Value added, gross",MK,North Macedonia,2024,,12.6,,e,estimated,,
dataflow,ESTAT:NAMA_10_A10(1.0),Gross value added and income by main industry (NACE Rev.2 ),A,Annual,PC_GDP,Percentage of gross domestic product (GDP),O-Q,"Public administration, defence, education, human health and social work activities",B1G,"Value added, gross",MT,Malta,2020,,15.2,,,,,
dataflow,ESTAT:NAMA_10_A10(1.0),Gross value added and income by main industry (NACE Rev.2 ),A,Annual,PC_GDP,Percentage of gross domestic product (GDP),O-Q,"Public administration, defence, education, human health and social work activities",B1G,"Value added, gross",MT,Malta,2021,,14.9,,,,,
dataflow,ESTAT:NAMA_10_A10(1.0),Gross value added and income by main industry (NACE Rev.2 ),A,Annual,PC_GDP,Percentage of gross domestic product (GDP),O-Q,"Public administration, defence, education, human health and social work activities",B1G,"Value added, gross",MT,Malta,2022,,14.4,,,,,
dataflow,ESTAT:NAMA_10_A10(1.0),Gross value added and income by main industry (NACE Rev.2 ),A,Annual,PC_GDP,Percentage of gross domestic product (GDP),O-Q,"Public administration, defence, education, human health and social work activities",B1G,"Value added, gross",MT,Malta,2023,,13.8,,,,,
dataflow,ESTAT:NAMA_10_A10(1.0),Gross value added and income by main industry (NACE Rev.2 ),A,Annual,PC_GDP,Percentage of gross domestic product (GDP),O-Q,"Public administration, defence, education, human health and social work activities",B1G,"Value added, gross",MT,Malta,2024,,14.5,,,,,
dataflow,ESTAT:NAMA_10_A10(1.0),Gross value added and income by main industry (NACE Rev.2 ),A,Annual,PC_GDP,Percentage of gross domestic product (GDP),O-Q,"Public administration, defence, education, human health and social work activities",B1G,"Value added, gross",NL,Netherlands,2020,,19.2,,,,,
dataflow,ESTAT:NAMA_10_A10(1.0),Gross value added and income by main industry (NACE Rev.2 ),A,Annual,PC_GDP,Percentage of gross domestic product (GDP),O-Q,"Public administration, defence, education, human health and social work activities",B1G,"Value added, gross",NL,Netherlands,2021,,19.0,,,,,
dataflow,ESTAT:NAMA_10_A10(1.0),Gross value added and income by main industry (NACE Rev.2 ),A,Annual,PC_GDP,Percentage of gross domestic product (GDP),O-Q,"Public administration, defence, education, human health and social work activities",B1G,"Value added, gross",NL,Netherlands,2022,,18.3,,,,,
dataflow,ESTAT:NAMA_10_A10(1.0),Gross value added and income by main industry (NACE Rev.2 ),A,Annual,PC_GDP,Percentage of gross domestic product (GDP),O-Q,"Public administration, defence, education, human health and social work activities",B1G,"Value added, gross",NL,Netherlands,2023,,18.8,,,,,
dataflow,ESTAT:NAMA_10_A10(1.0),Gross value added and income by main industry (NACE Rev.2 ),A,Annual,PC_GDP,Percentage of gross domestic product (GDP),O-Q,"Public administration, defence, education, human health and social work activities",B1G,"Value added, gross",NL,Netherlands,2024,,19.3,,,,,
dataflow,ESTAT:NAMA_10_A10(1.0),Gross value added and income by main industry (NACE Rev.2 ),A,Annual,PC_GDP,Percentage of gross domestic product (GDP),O-Q,"Public administration, defence, education, human health and social work activities",B1G,"Value added, gross",NO,Norway,2020,,22.2,,,,,
dataflow,ESTAT:NAMA_10_A10(1.0),Gross value added and income by main industry (NACE Rev.2 ),A,Annual,PC_GDP,Percentage of gross domestic product (GDP),O-Q,"Public administration, defence, education, human health and social work activities",B1G,"Value added, gross",NO,Norway,2021,,18.9,,,,,
dataflow,ESTAT:NAMA_10_A10(1.0),Gross value added and income by main industry (NACE Rev.2 ),A,Annual,PC_GDP,Percentage of gross domestic product (GDP),O-Q,"Public administration, defence, education, human health and social work activities",B1G,"Value added, gross",NO,Norway,2022,,15.2,,,,,
dataflow,ESTAT:NAMA_10_A10(1.0),Gross value added and income by main industry (NACE Rev.2 ),A,Annual,PC_GDP,Percentage of gross domestic product (GDP),O-Q,"Public administration, defence, education, human health and social work activities",B1G,"Value added, gross",NO,Norway,2023,,18.1,,,,,
dataflow,ESTAT:NAMA_10_A10(1.0),Gross value added and income by main industry (NACE Rev.2 ),A,Annual,PC_GDP,Percentage of gross domestic product (GDP),O-Q,"Public administration, defence, education, human health and social work activities",B1G,"Value added, gross",NO,Norway,2024,,18.9,,,,,
dataflow,ESTAT:NAMA_10_A10(1.0),Gross value added and income by main industry (NACE Rev.2 ),A,Annual,PC_GDP,Percentage of gross domestic product (GDP),O-Q,"Public administration, defence, education, human health and social work activities",B1G,"Value added, gross",PL,Poland,2020,,13.5,,,,,
dataflow,ESTAT:NAMA_10_A10(1.0),Gross value added and income by main industry (NACE Rev.2 ),A,Annual,PC_GDP,Percentage of gross domestic product (GDP),O-Q,"Public administration, defence, education, human health and social work activities",B1G,"Value added, gross",PL,Poland,2021,,13.7,,,,,
dataflow,ESTAT:NAMA_10_A10(1.0),Gross value added and income by main industry (NACE Rev.2 ),A,Annual,PC_GDP,Percentage of gross domestic product (GDP),O-Q,"Public administration, defence, education, human health and social work activities",B1G,"Value added, gross",PL,Poland,2022,,13.0,,,,,
dataflow,ESTAT:NAMA_10_A10(1.0),Gross value added and income by main industry (NACE Rev.2 ),A,Annual,PC_GDP,Percentage of gross domestic product (GDP),O-Q,"Public administration, defence, education, human health and social work activities",B1G,"Value added, gross",PL,Poland,2023,,13.5,,,,,
dataflow,ESTAT:NAMA_10_A10(1.0),Gross value added and income by main industry (NACE Rev.2 ),A,Annual,PC_GDP,Percentage of gross domestic product (GDP),O-Q,"Public administration, defence, education, human health and social work activities",B1G,"Value added, gross",PL,Poland,2024,,14.2,,,,,
dataflow,ESTAT:NAMA_10_A10(1.0),Gross value added and income by main industry (NACE Rev.2 ),A,Annual,PC_GDP,Percentage of gross domestic product (GDP),O-Q,"Public administration, defence, education, human health and social work activities",B1G,"Value added, gross",PT,Portugal,2020,,17.6,,,,,
dataflow,ESTAT:NAMA_10_A10(1.0),Gross value added and income by main industry (NACE Rev.2 ),A,Annual,PC_GDP,Percentage of gross domestic product (GDP),O-Q,"Public administration, defence, education, human health and social work activities",B1G,"Value added, gross",PT,Portugal,2021,,17.3,,,,,
dataflow,ESTAT:NAMA_10_A10(1.0),Gross value added and income by main industry (NACE Rev.2 ),A,Annual,PC_GDP,Percentage of gross domestic product (GDP),O-Q,"Public administration, defence, education, human health and social work activities",B1G,"Value added, gross",PT,Portugal,2022,,16.3,,,,,
dataflow,ESTAT:NAMA_10_A10(1.0),Gross value added and income by main industry (NACE Rev.2 ),A,Annual,PC_GDP,Percentage of gross domestic product (GDP),O-Q,"Public administration, defence, education, human health and social work activities",B1G,"Value added, gross",PT,Portugal,2023,,15.9,,p,provisional,,
dataflow,ESTAT:NAMA_10_A10(1.0),Gross value added and income by main industry (NACE Rev.2 ),A,Annual,PC_GDP,Percentage of gross domestic product (GDP),O-Q,"Public administration, defence, education, human health and social work activities",B1G,"Value added, gross",PT,Portugal,2024,,15.9,,p,provisional,,
dataflow,ESTAT:NAMA_10_A10(1.0),Gross value added and income by main industry (NACE Rev.2 ),A,Annual,PC_GDP,Percentage of gross domestic product (GDP),O-Q,"Public administration, defence, education, human health and social work activities",B1G,"Value added, gross",RO,Romania,2020,,14.6,,,,,
dataflow,ESTAT:NAMA_10_A10(1.0),Gross value added and income by main industry (NACE Rev.2 ),A,Annual,PC_GDP,Percentage of gross domestic product (GDP),O-Q,"Public administration, defence, education, human health and social work activities",B1G,"Value added, gross",RO,Romania,2021,,13.1,,,,,
dataflow,ESTAT:NAMA_10_A10(1.0),Gross value added and income by main industry (NACE Rev.2 ),A,Annual,PC_GDP,Percentage of gross domestic product (GDP),O-Q,"Public administration, defence, education, human health and social work activities",B1G,"Value added, gross",RO,Romania,2022,,12.1,,,,,
dataflow,ESTAT:NAMA_10_A10(1.0),Gross value added and income by main industry (NACE Rev.2 ),A,Annual,PC_GDP,Percentage of gross domestic product (GDP),O-Q,"Public administration, defence, education, human health and social work activities",B1G,"Value added, gross",RO,Romania,2023,,12.1,,p,provisional,,
dataflow,ESTAT:NAMA_10_A10(1.0),Gross value added and income by main industry (NACE Rev.2 ),A,Annual,PC_GDP,Percentage of gross domestic product (GDP),O-Q,"Public administration, defence, education, human health and social work activities",B1G,"Value added, gross",RO,Romania,2024,,12.9,,p,provisional,,
dataflow,ESTAT:NAMA_10_A10(1.0),Gross value added and income by main industry (NACE Rev.2 ),A,Annual,PC_GDP,Percentage of gross domestic product (GDP),O-Q,"Public administration, defence, education, human health and social work activities",B1G,"Value added, gross",RS,Serbia,2020,,13.2,,,,,
dataflow,ESTAT:NAMA_10_A10(1.0),Gross value added and income by main industry (NACE Rev.2 ),A,Annual,PC_GDP,Percentage of gross domestic product (GDP),O-Q,"Public administration, defence, education, human health and social work activities",B1G,"Value added, gross",RS,Serbia,2021,,12.7,,,,,
dataflow,ESTAT:NAMA_10_A10(1.0),Gross value added and income by main industry (NACE Rev.2 ),A,Annual,PC_GDP,Percentage of gross domestic product (GDP),O-Q,"Public administration, defence, education, human health and social work activities",B1G,"Value added, gross",RS,Serbia,2022,,12.4,,p,provisional,,
dataflow,ESTAT:NAMA_10_A10(1.0),Gross value added and income by main industry (NACE Rev.2 ),A,Annual,PC_GDP,Percentage of gross domestic product (GDP),O-Q,"Public administration, defence, education, human health and social work activities",B1G,"Value added, gross",RS,Serbia,2023,,11.9,,p,provisional,,
dataflow,ESTAT:NAMA_10_A10(1.0),Gross value added and income by main industry (NACE Rev.2 ),A,Annual,PC_GDP,Percentage of gross domestic product (GDP),O-Q,"Public administration, defence, education, human health and social work activities",B1G,"Value added, gross",RS,Serbia,2024,,12.4,,p,provisional,,
dataflow,ESTAT:NAMA_10_A10(1.0),Gross value added and income by main industry (NACE Rev.2 ),A,Annual,PC_GDP,Percentage of gross domestic product (GDP),O-Q,"Public administration, defence, education, human health and social work activities",B1G,"Value added, gross",SE,Sweden,2020,,19.0,,,,,
dataflow,ESTAT:NAMA_10_A10(1.0),Gross value added and income by main industry (NACE Rev.2 ),A,Annual,PC_GDP,Percentage of gross domestic product (GDP),O-Q,"Public administration, defence, education, human health and social work activities",B1G,"Value added, gross",SE,Sweden,2021,,18.6,,,,,
dataflow,ESTAT:NAMA_10_A10(1.0),Gross value added and income by main industry (NACE Rev.2 ),A,Annual,PC_GDP,Percentage of gross domestic product (GDP),O-Q,"Public administration, defence, education, human health and social work activities",B1G,"Value added, gross",SE,Sweden,2022,,18.0,,,,,
dataflow,ESTAT:NAMA_10_A10(1.0),Gross value added and income by main industry (NACE Rev.2 ),A,Annual,PC_GDP,Percentage of gross domestic product (GDP),O-Q,"Public administration, defence, education, human health and social work activities",B1G,"Value added, gross",SE,Sweden,2023,,18.6,,,,,
dataflow,ESTAT:NAMA_10_A10(1.0),Gross value added and income by main industry (NACE Rev.2 ),A,Annual,PC_GDP,Percentage of gross domestic product (GDP),O-Q,"Public administration, defence, education, human health and social work activities",B1G,"Value added, gross",SE,Sweden,2024,,18.9,,,,,
dataflow,ESTAT:NAMA_10_A10(1.0),Gross value added and income by main industry (NACE Rev.2 ),A,Annual,PC_GDP,Percentage of gross domestic product (GDP),O-Q,"Public administration, defence, education, human health and social work activities",B1G,"Value added, gross",SI,Slovenia,2020,,16.1,,,,,
dataflow,ESTAT:NAMA_10_A10(1.0),Gross value added and income by main industry (NACE Rev.2 ),A,Annual,PC_GDP,Percentage of gross domestic product (GDP),O-Q,"Public administration, defence, education, human health and social work activities",B1G,"Value added, gross",SI,Slovenia,2021,,16.1,,,,,
dataflow,ESTAT:NAMA_10_A10(1.0),Gross value added and income by main industry (NACE Rev.2 ),A,Annual,PC_GDP,Percentage of gross domestic product (GDP),O-Q,"Public administration, defence, education, human health and social work activities",B1G,"Value added, gross",SI,Slovenia,2022,,15.0,,,,,
dataflow,ESTAT:NAMA_10_A10(1.0),Gross value added and income by main industry (NACE Rev.2 ),A,Annual,PC_GDP,Percentage of gross domestic product (GDP),O-Q,"Public administration, defence, education, human health and social work activities",B1G,"Value added, gross",SI,Slovenia,2023,,14.7,,,,,
dataflow,ESTAT:NAMA_10_A10(1.0),Gross value added and income by main industry (NACE Rev.2 ),A,Annual,PC_GDP,Percentage of gross domestic product (GDP),O-Q,"Public administration, defence, education, human health and social work activities",B1G,"Value added, gross",SI,Slovenia,2024,,14.8,,,,,
dataflow,ESTAT:NAMA_10_A10(1.0),Gross value added and income by main industry (NACE Rev.2 ),A,Annual,PC_GDP,Percentage of gross domestic product (GDP),O-Q,"Public administration, defence, education, human health and social work activities",B1G,"Value added, gross",SK,Slovakia,2020,,15.0,,,,,
dataflow,ESTAT:NAMA_10_A10(1.0),Gross value added and income by main industry (NACE Rev.2 ),A,Annual,PC_GDP,Percentage of gross domestic product (GDP),O-Q,"Public administration, defence, education, human health and social work activities",B1G,"Value added, gross",SK,Slovakia,2021,,15.1,,,,,
dataflow,ESTAT:NAMA_10_A10(1.0),Gross value added and income by main industry (NACE Rev.2 ),A,Annual,PC_GDP,Percentage of gross domestic product (GDP),O-Q,"Public administration, defence, education, human health and social work activities",B1G,"Value added, gross",SK,Slovakia,2022,,14.7,,,,,
dataflow,ESTAT:NAMA_10_A10(1.0),Gross value added and income by main industry (NACE Rev.2 ),A,Annual,PC_GDP,Percentage of gross domestic product (GDP),O-Q,"Public administration, defence, education, human health and social work activities",B1G,"Value added, gross",SK,Slovakia,2023,,14.6,,,,,
dataflow,ESTAT:NAMA_10_A10(1.0),Gross value added and income by main industry (NACE Rev.2 ),A,Annual,PC_GDP,Percentage of gross domestic product (GDP),O-Q,"Public administration, defence, education, human health and social work activities",B1G,"Value added, gross",SK,Slovakia,2024,,14.9,,,,,
dataflow,ESTAT:NAMA_10_A10(1.0),Gross value added and income by main industry (NACE Rev.2 ),A,Annual,PC_GDP,Percentage of gross domestic product (GDP),O-Q,"Public administration, defence, education, human health and social work activities",B1G,"Value added, gross",TR,Trkiye,2020,,12.2,,,,,
dataflow,ESTAT:NAMA_10_A10(1.0),Gross value added and income by main industry (NACE Rev.2 ),A,Annual,PC_GDP,Percentage of gross domestic product (GDP),O-Q,"Public administration, defence, education, human health and social work activities",B1G,"Value added, gross",TR,Trkiye,2021,,10.6,,,,,
dataflow,ESTAT:NAMA_10_A10(1.0),Gross value added and income by main industry (NACE Rev.2 ),A,Annual,PC_GDP,Percentage of gross domestic product (GDP),O-Q,"Public administration, defence, education, human health and social work activities",B1G,"Value added, gross",TR,Trkiye,2022,,9.1,,,,,
dataflow,ESTAT:NAMA_10_A10(1.0),Gross value added and income by main industry (NACE Rev.2 ),A,Annual,PC_GDP,Percentage of gross domestic product (GDP),O-Q,"Public administration, defence, education, human health and social work activities",B1G,"Value added, gross",TR,Trkiye,2023,,10.3,,,,,
dataflow,ESTAT:NAMA_10_A10(1.0),Gross value added and income by main industry (NACE Rev.2 ),A,Annual,PC_GDP,Percentage of gross domestic product (GDP),O-Q,"Public administration, defence, education, human health and social work activities",B1G,"Value added, gross",TR,Trkiye,2024,,12.0,,,,,
dataflow,ESTAT:NAMA_10_A10(1.0),Gross value added and income by main industry (NACE Rev.2 ),A,Annual,PC_GDP,Percentage of gross domestic product (GDP),O-Q,"Public administration, defence, education, human health and social work activities",B1G,"Value added, gross",UA,Ukraine,2020,,14.4,,,,,
dataflow,ESTAT:NAMA_10_A10(1.0),Gross value added and income by main industry (NACE Rev.2 ),A,Annual,PC_GDP,Percentage of gross domestic product (GDP),O-Q,"Public administration, defence, education, human health and social work activities",B1G,"Value added, gross",UA,Ukraine,2021,,13.0,,,,,
dataflow,ESTAT:NAMA_10_A10(1.0),Gross value added and income by main industry (NACE Rev.2 ),A,Annual,PC_GDP,Percentage of gross domestic product (GDP),O-Q,"Public administration, defence, education, human health and social work activities",B1G,"Value added, gross",UA,Ukraine,2022,,28.8,,,,,
dataflow,ESTAT:NAMA_10_A10(1.0),Gross value added and income by main industry (NACE Rev.2 ),A,Annual,PC_GDP,Percentage of gross domestic product (GDP),O-Q,"Public administration, defence, education, human health and social work activities",B1G,"Value added, gross",UA,Ukraine,2023,,27.4,,,,,
dataflow,ESTAT:NAMA_10_A10(1.0),Gross value added and income by main industry (NACE Rev.2 ),A,Annual,PC_GDP,Percentage of gross domestic product (GDP),O-Q,"Public administration, defence, education, human health and social work activities",B1G,"Value added, gross",XK,Kosovo*,2020,,13.0,,,,,
dataflow,ESTAT:NAMA_10_A10(1.0),Gross value added and income by main industry (NACE Rev.2 ),A,Annual,PC_GDP,Percentage of gross domestic product (GDP),O-Q,"Public administration, defence, education, human health and social work activities",B1G,"Value added, gross",XK,Kosovo*,2021,,11.2,,,,,
dataflow,ESTAT:NAMA_10_A10(1.0),Gross value added and income by main industry (NACE Rev.2 ),A,Annual,PC_GDP,Percentage of gross domestic product (GDP),O-Q,"Public administration, defence, education, human health and social work activities",B1G,"Value added, gross",XK,Kosovo*,2022,,10.2,,,,,
dataflow,ESTAT:NAMA_10_A10(1.0),Gross value added and income by main industry (NACE Rev.2 ),A,Annual,PC_GDP,Percentage of gross domestic product (GDP),O-Q,"Public administration, defence, education, human health and social work activities",B1G,"Value added, gross",XK,Kosovo*,2023,,10.6,,,,,
dataflow,ESTAT:NAMA_10_A10(1.0),Gross value added and income by main industry (NACE Rev.2 ),A,Annual,PC_GDP,Percentage of gross domestic product (GDP),O-Q,"Public administration, defence, education, human health and social work activities",B1G,"Value added, gross",XK,Kosovo*,2024,,10.4,,p,provisional,,
