STRUCTURE,STRUCTURE_ID,STRUCTURE_NAME,freq,Time frequency,unit,Unit of measure,na_item,National accounts indicator (ESA 2010),geo,Geopolitical entity (reporting),TIME_PERIOD,Time,OBS_VALUE,Observation value,OBS_FLAG,Observation status (Flag) V2 structure,CONF_STATUS,Confidentiality status (flag)
dataflow,ESTAT:TEC00110(1.0),"Goods and services, imports and exports",A,Annual,CP_MEUR,"Current prices, million euro",P6,Exports of goods and services,AL,Albania,2020,,3015.8,,,,,
dataflow,ESTAT:TEC00110(1.0),"Goods and services, imports and exports",A,Annual,CP_MEUR,"Current prices, million euro",P6,Exports of goods and services,AL,Albania,2021,,4745.6,,,,,
dataflow,ESTAT:TEC00110(1.0),"Goods and services, imports and exports",A,Annual,CP_MEUR,"Current prices, million euro",P6,Exports of goods and services,AL,Albania,2022,,6720.8,,,,,
dataflow,ESTAT:TEC00110(1.0),"Goods and services, imports and exports",A,Annual,CP_MEUR,"Current prices, million euro",P6,Exports of goods and services,AL,Albania,2023,,8348.6,,,,,
dataflow,ESTAT:TEC00110(1.0),"Goods and services, imports and exports",A,Annual,CP_MEUR,"Current prices, million euro",P6,Exports of goods and services,AL,Albania,2024,,9071.5,,p,provisional,,
dataflow,ESTAT:TEC00110(1.0),"Goods and services, imports and exports",A,Annual,CP_MEUR,"Current prices, million euro",P6,Exports of goods and services,AT,Austria,2020,,196484.0,,,,,
dataflow,ESTAT:TEC00110(1.0),"Goods and services, imports and exports",A,Annual,CP_MEUR,"Current prices, million euro",P6,Exports of goods and services,AT,Austria,2021,,227300.5,,,,,
dataflow,ESTAT:TEC00110(1.0),"Goods and services, imports and exports",A,Annual,CP_MEUR,"Current prices, million euro",P6,Exports of goods and services,AT,Austria,2022,,277597.4,,,,,
dataflow,ESTAT:TEC00110(1.0),"Goods and services, imports and exports",A,Annual,CP_MEUR,"Current prices, million euro",P6,Exports of goods and services,AT,Austria,2023,,281402.2,,,,,
dataflow,ESTAT:TEC00110(1.0),"Goods and services, imports and exports",A,Annual,CP_MEUR,"Current prices, million euro",P6,Exports of goods and services,AT,Austria,2024,,276613.4,,,,,
dataflow,ESTAT:TEC00110(1.0),"Goods and services, imports and exports",A,Annual,CP_MEUR,"Current prices, million euro",P6,Exports of goods and services,BA,Bosnia and Herzegovina,2020,,6142.1,,,,,
dataflow,ESTAT:TEC00110(1.0),"Goods and services, imports and exports",A,Annual,CP_MEUR,"Current prices, million euro",P6,Exports of goods and services,BA,Bosnia and Herzegovina,2021,,8570.8,,,,,
dataflow,ESTAT:TEC00110(1.0),"Goods and services, imports and exports",A,Annual,CP_MEUR,"Current prices, million euro",P6,Exports of goods and services,BA,Bosnia and Herzegovina,2022,,11267.2,,,,,
dataflow,ESTAT:TEC00110(1.0),"Goods and services, imports and exports",A,Annual,CP_MEUR,"Current prices, million euro",P6,Exports of goods and services,BA,Bosnia and Herzegovina,2023,,11213.0,,,,,
dataflow,ESTAT:TEC00110(1.0),"Goods and services, imports and exports",A,Annual,CP_MEUR,"Current prices, million euro",P6,Exports of goods and services,BA,Bosnia and Herzegovina,2024,,11216.8,,,,,
dataflow,ESTAT:TEC00110(1.0),"Goods and services, imports and exports",A,Annual,CP_MEUR,"Current prices, million euro",P6,Exports of goods and services,BE,Belgium,2020,,367276.2,,,,,
dataflow,ESTAT:TEC00110(1.0),"Goods and services, imports and exports",A,Annual,CP_MEUR,"Current prices, million euro",P6,Exports of goods and services,BE,Belgium,2021,,453546.6,,,,,
dataflow,ESTAT:TEC00110(1.0),"Goods and services, imports and exports",A,Annual,CP_MEUR,"Current prices, million euro",P6,Exports of goods and services,BE,Belgium,2022,,536875.6,,,,,
dataflow,ESTAT:TEC00110(1.0),"Goods and services, imports and exports",A,Annual,CP_MEUR,"Current prices, million euro",P6,Exports of goods and services,BE,Belgium,2023,,501887.2,,p,provisional,,
dataflow,ESTAT:TEC00110(1.0),"Goods and services, imports and exports",A,Annual,CP_MEUR,"Current prices, million euro",P6,Exports of goods and services,BE,Belgium,2024,,486397.5,,p,provisional,,
dataflow,ESTAT:TEC00110(1.0),"Goods and services, imports and exports",A,Annual,CP_MEUR,"Current prices, million euro",P6,Exports of goods and services,BG,Bulgaria,2020,,34933.5,,,,,
dataflow,ESTAT:TEC00110(1.0),"Goods and services, imports and exports",A,Annual,CP_MEUR,"Current prices, million euro",P6,Exports of goods and services,BG,Bulgaria,2021,,44126.6,,,,,
dataflow,ESTAT:TEC00110(1.0),"Goods and services, imports and exports",A,Annual,CP_MEUR,"Current prices, million euro",P6,Exports of goods and services,BG,Bulgaria,2022,,60238.0,,,,,
dataflow,ESTAT:TEC00110(1.0),"Goods and services, imports and exports",A,Annual,CP_MEUR,"Current prices, million euro",P6,Exports of goods and services,BG,Bulgaria,2023,,58611.2,,,,,
dataflow,ESTAT:TEC00110(1.0),"Goods and services, imports and exports",A,Annual,CP_MEUR,"Current prices, million euro",P6,Exports of goods and services,BG,Bulgaria,2024,,57884.9,,p,provisional,,
dataflow,ESTAT:TEC00110(1.0),"Goods and services, imports and exports",A,Annual,CP_MEUR,"Current prices, million euro",P6,Exports of goods and services,CH,Switzerland,2020,,417097.1,,,,,
dataflow,ESTAT:TEC00110(1.0),"Goods and services, imports and exports",A,Annual,CP_MEUR,"Current prices, million euro",P6,Exports of goods and services,CH,Switzerland,2021,,490135.9,,,,,
dataflow,ESTAT:TEC00110(1.0),"Goods and services, imports and exports",A,Annual,CP_MEUR,"Current prices, million euro",P6,Exports of goods and services,CH,Switzerland,2022,,599514.3,,,,,
dataflow,ESTAT:TEC00110(1.0),"Goods and services, imports and exports",A,Annual,CP_MEUR,"Current prices, million euro",P6,Exports of goods and services,CH,Switzerland,2023,,606429.9,,,,,
dataflow,ESTAT:TEC00110(1.0),"Goods and services, imports and exports",A,Annual,CP_MEUR,"Current prices, million euro",P6,Exports of goods and services,CH,Switzerland,2024,,624622.1,,,,,
dataflow,ESTAT:TEC00110(1.0),"Goods and services, imports and exports",A,Annual,CP_MEUR,"Current prices, million euro",P6,Exports of goods and services,CY,Cyprus,2020,,17820.0,,,,,
dataflow,ESTAT:TEC00110(1.0),"Goods and services, imports and exports",A,Annual,CP_MEUR,"Current prices, million euro",P6,Exports of goods and services,CY,Cyprus,2021,,23306.5,,,,,
dataflow,ESTAT:TEC00110(1.0),"Goods and services, imports and exports",A,Annual,CP_MEUR,"Current prices, million euro",P6,Exports of goods and services,CY,Cyprus,2022,,31028.7,,,,,
dataflow,ESTAT:TEC00110(1.0),"Goods and services, imports and exports",A,Annual,CP_MEUR,"Current prices, million euro",P6,Exports of goods and services,CY,Cyprus,2023,,30449.3,,,,,
dataflow,ESTAT:TEC00110(1.0),"Goods and services, imports and exports",A,Annual,CP_MEUR,"Current prices, million euro",P6,Exports of goods and services,CY,Cyprus,2024,,32457.1,,,,,
dataflow,ESTAT:TEC00110(1.0),"Goods and services, imports and exports",A,Annual,CP_MEUR,"Current prices, million euro",P6,Exports of goods and services,CZ,Czechia,2020,,149284.6,,,,,
dataflow,ESTAT:TEC00110(1.0),"Goods and services, imports and exports",A,Annual,CP_MEUR,"Current prices, million euro",P6,Exports of goods and services,CZ,Czechia,2021,,173561.8,,,,,
dataflow,ESTAT:TEC00110(1.0),"Goods and services, imports and exports",A,Annual,CP_MEUR,"Current prices, million euro",P6,Exports of goods and services,CZ,Czechia,2022,,207798.3,,,,,
dataflow,ESTAT:TEC00110(1.0),"Goods and services, imports and exports",A,Annual,CP_MEUR,"Current prices, million euro",P6,Exports of goods and services,CZ,Czechia,2023,,218926.2,,,,,
dataflow,ESTAT:TEC00110(1.0),"Goods and services, imports and exports",A,Annual,CP_MEUR,"Current prices, million euro",P6,Exports of goods and services,CZ,Czechia,2024,,220801.3,,,,,
dataflow,ESTAT:TEC00110(1.0),"Goods and services, imports and exports",A,Annual,CP_MEUR,"Current prices, million euro",P6,Exports of goods and services,DE,Germany,2020,,1351188.0,,,,,
dataflow,ESTAT:TEC00110(1.0),"Goods and services, imports and exports",A,Annual,CP_MEUR,"Current prices, million euro",P6,Exports of goods and services,DE,Germany,2021,,1568289.0,,p,provisional,,
dataflow,ESTAT:TEC00110(1.0),"Goods and services, imports and exports",A,Annual,CP_MEUR,"Current prices, million euro",P6,Exports of goods and services,DE,Germany,2022,,1810093.0,,p,provisional,,
dataflow,ESTAT:TEC00110(1.0),"Goods and services, imports and exports",A,Annual,CP_MEUR,"Current prices, million euro",P6,Exports of goods and services,DE,Germany,2023,,1816627.0,,p,provisional,,
dataflow,ESTAT:TEC00110(1.0),"Goods and services, imports and exports",A,Annual,CP_MEUR,"Current prices, million euro",P6,Exports of goods and services,DE,Germany,2024,,1799605.0,,p,provisional,,
dataflow,ESTAT:TEC00110(1.0),"Goods and services, imports and exports",A,Annual,CP_MEUR,"Current prices, million euro",P6,Exports of goods and services,DK,Denmark,2020,,171780.2,,,,,
dataflow,ESTAT:TEC00110(1.0),"Goods and services, imports and exports",A,Annual,CP_MEUR,"Current prices, million euro",P6,Exports of goods and services,DK,Denmark,2021,,203269.8,,,,,
dataflow,ESTAT:TEC00110(1.0),"Goods and services, imports and exports",A,Annual,CP_MEUR,"Current prices, million euro",P6,Exports of goods and services,DK,Denmark,2022,,269271.3,,,,,
dataflow,ESTAT:TEC00110(1.0),"Goods and services, imports and exports",A,Annual,CP_MEUR,"Current prices, million euro",P6,Exports of goods and services,DK,Denmark,2023,,259356.0,,,,,
dataflow,ESTAT:TEC00110(1.0),"Goods and services, imports and exports",A,Annual,CP_MEUR,"Current prices, million euro",P6,Exports of goods and services,DK,Denmark,2024,,278612.4,,,,,
dataflow,ESTAT:TEC00110(1.0),"Goods and services, imports and exports",A,Annual,CP_MEUR,"Current prices, million euro",P6,Exports of goods and services,EE,Estonia,2020,,18987.4,,,,,
dataflow,ESTAT:TEC00110(1.0),"Goods and services, imports and exports",A,Annual,CP_MEUR,"Current prices, million euro",P6,Exports of goods and services,EE,Estonia,2021,,25022.2,,,,,
dataflow,ESTAT:TEC00110(1.0),"Goods and services, imports and exports",A,Annual,CP_MEUR,"Current prices, million euro",P6,Exports of goods and services,EE,Estonia,2022,,31582.7,,,,,
dataflow,ESTAT:TEC00110(1.0),"Goods and services, imports and exports",A,Annual,CP_MEUR,"Current prices, million euro",P6,Exports of goods and services,EE,Estonia,2023,,29732.1,,,,,
dataflow,ESTAT:TEC00110(1.0),"Goods and services, imports and exports",A,Annual,CP_MEUR,"Current prices, million euro",P6,Exports of goods and services,EE,Estonia,2024,,30135.2,,,,,
dataflow,ESTAT:TEC00110(1.0),"Goods and services, imports and exports",A,Annual,CP_MEUR,"Current prices, million euro",P6,Exports of goods and services,EL,Greece,2020,,52691.9,,,,,
dataflow,ESTAT:TEC00110(1.0),"Goods and services, imports and exports",A,Annual,CP_MEUR,"Current prices, million euro",P6,Exports of goods and services,EL,Greece,2021,,74310.5,,,,,
dataflow,ESTAT:TEC00110(1.0),"Goods and services, imports and exports",A,Annual,CP_MEUR,"Current prices, million euro",P6,Exports of goods and services,EL,Greece,2022,,101889.9,,p,provisional,,
dataflow,ESTAT:TEC00110(1.0),"Goods and services, imports and exports",A,Annual,CP_MEUR,"Current prices, million euro",P6,Exports of goods and services,EL,Greece,2023,,98429.6,,p,provisional,,
dataflow,ESTAT:TEC00110(1.0),"Goods and services, imports and exports",A,Annual,CP_MEUR,"Current prices, million euro",P6,Exports of goods and services,EL,Greece,2024,,99731.9,,p,provisional,,
dataflow,ESTAT:TEC00110(1.0),"Goods and services, imports and exports",A,Annual,CP_MEUR,"Current prices, million euro",P6,Exports of goods and services,ES,Spain,2020,,344196.0,,,,,
dataflow,ESTAT:TEC00110(1.0),"Goods and services, imports and exports",A,Annual,CP_MEUR,"Current prices, million euro",P6,Exports of goods and services,ES,Spain,2021,,417060.0,,,,,
dataflow,ESTAT:TEC00110(1.0),"Goods and services, imports and exports",A,Annual,CP_MEUR,"Current prices, million euro",P6,Exports of goods and services,ES,Spain,2022,,546088.0,,p,provisional,,
dataflow,ESTAT:TEC00110(1.0),"Goods and services, imports and exports",A,Annual,CP_MEUR,"Current prices, million euro",P6,Exports of goods and services,ES,Spain,2023,,570251.0,,p,provisional,,
dataflow,ESTAT:TEC00110(1.0),"Goods and services, imports and exports",A,Annual,CP_MEUR,"Current prices, million euro",P6,Exports of goods and services,ES,Spain,2024,,593562.0,,p,provisional,,
dataflow,ESTAT:TEC00110(1.0),"Goods and services, imports and exports",A,Annual,CP_MEUR,"Current prices, million euro",P6,Exports of goods and services,EU27_2020,European Union - 27 countries (from 2020),2020,,6211497.4,,,,,
dataflow,ESTAT:TEC00110(1.0),"Goods and services, imports and exports",A,Annual,CP_MEUR,"Current prices, million euro",P6,Exports of goods and services,EU27_2020,European Union - 27 countries (from 2020),2021,,7342837.2,,,,,
dataflow,ESTAT:TEC00110(1.0),"Goods and services, imports and exports",A,Annual,CP_MEUR,"Current prices, million euro",P6,Exports of goods and services,EU27_2020,European Union - 27 countries (from 2020),2022,,8926900.5,,,,,
dataflow,ESTAT:TEC00110(1.0),"Goods and services, imports and exports",A,Annual,CP_MEUR,"Current prices, million euro",P6,Exports of goods and services,EU27_2020,European Union - 27 countries (from 2020),2023,,8939370.0,,,,,
dataflow,ESTAT:TEC00110(1.0),"Goods and services, imports and exports",A,Annual,CP_MEUR,"Current prices, million euro",P6,Exports of goods and services,EU27_2020,European Union - 27 countries (from 2020),2024,,9101581.3,,,,,
dataflow,ESTAT:TEC00110(1.0),"Goods and services, imports and exports",A,Annual,CP_MEUR,"Current prices, million euro",P6,Exports of goods and services,FI,Finland,2020,,85606.0,,,,,
dataflow,ESTAT:TEC00110(1.0),"Goods and services, imports and exports",A,Annual,CP_MEUR,"Current prices, million euro",P6,Exports of goods and services,FI,Finland,2021,,99311.0,,,,,
dataflow,ESTAT:TEC00110(1.0),"Goods and services, imports and exports",A,Annual,CP_MEUR,"Current prices, million euro",P6,Exports of goods and services,FI,Finland,2022,,123180.0,,,,,
dataflow,ESTAT:TEC00110(1.0),"Goods and services, imports and exports",A,Annual,CP_MEUR,"Current prices, million euro",P6,Exports of goods and services,FI,Finland,2023,,116761.0,,,,,
dataflow,ESTAT:TEC00110(1.0),"Goods and services, imports and exports",A,Annual,CP_MEUR,"Current prices, million euro",P6,Exports of goods and services,FI,Finland,2024,,115601.0,,,,,
dataflow,ESTAT:TEC00110(1.0),"Goods and services, imports and exports",A,Annual,CP_MEUR,"Current prices, million euro",P6,Exports of goods and services,FR,France,2020,,662035.3,,,,,
dataflow,ESTAT:TEC00110(1.0),"Goods and services, imports and exports",A,Annual,CP_MEUR,"Current prices, million euro",P6,Exports of goods and services,FR,France,2021,,784736.3,,,,,
dataflow,ESTAT:TEC00110(1.0),"Goods and services, imports and exports",A,Annual,CP_MEUR,"Current prices, million euro",P6,Exports of goods and services,FR,France,2022,,971788.9,,,,,
dataflow,ESTAT:TEC00110(1.0),"Goods and services, imports and exports",A,Annual,CP_MEUR,"Current prices, million euro",P6,Exports of goods and services,FR,France,2023,,973920.4,,p,provisional,,
dataflow,ESTAT:TEC00110(1.0),"Goods and services, imports and exports",A,Annual,CP_MEUR,"Current prices, million euro",P6,Exports of goods and services,FR,France,2024,,989546.9,,p,provisional,,
dataflow,ESTAT:TEC00110(1.0),"Goods and services, imports and exports",A,Annual,CP_MEUR,"Current prices, million euro",P6,Exports of goods and services,HR,Croatia,2020,,20936.1,,,,,
dataflow,ESTAT:TEC00110(1.0),"Goods and services, imports and exports",A,Annual,CP_MEUR,"Current prices, million euro",P6,Exports of goods and services,HR,Croatia,2021,,29068.4,,,,,
dataflow,ESTAT:TEC00110(1.0),"Goods and services, imports and exports",A,Annual,CP_MEUR,"Current prices, million euro",P6,Exports of goods and services,HR,Croatia,2022,,40226.8,,,,,
dataflow,ESTAT:TEC00110(1.0),"Goods and services, imports and exports",A,Annual,CP_MEUR,"Current prices, million euro",P6,Exports of goods and services,HR,Croatia,2023,,41314.3,,p,provisional,,
dataflow,ESTAT:TEC00110(1.0),"Goods and services, imports and exports",A,Annual,CP_MEUR,"Current prices, million euro",P6,Exports of goods and services,HR,Croatia,2024,,42569.7,,p,provisional,,
dataflow,ESTAT:TEC00110(1.0),"Goods and services, imports and exports",A,Annual,CP_MEUR,"Current prices, million euro",P6,Exports of goods and services,HU,Hungary,2020,,108500.3,,,,,
dataflow,ESTAT:TEC00110(1.0),"Goods and services, imports and exports",A,Annual,CP_MEUR,"Current prices, million euro",P6,Exports of goods and services,HU,Hungary,2021,,123079.6,,,,,
dataflow,ESTAT:TEC00110(1.0),"Goods and services, imports and exports",A,Annual,CP_MEUR,"Current prices, million euro",P6,Exports of goods and services,HU,Hungary,2022,,151309.3,,,,,
dataflow,ESTAT:TEC00110(1.0),"Goods and services, imports and exports",A,Annual,CP_MEUR,"Current prices, million euro",P6,Exports of goods and services,HU,Hungary,2023,,159974.4,,,,,
dataflow,ESTAT:TEC00110(1.0),"Goods and services, imports and exports",A,Annual,CP_MEUR,"Current prices, million euro",P6,Exports of goods and services,HU,Hungary,2024,,153963.1,,p,provisional,,
dataflow,ESTAT:TEC00110(1.0),"Goods and services, imports and exports",A,Annual,CP_MEUR,"Current prices, million euro",P6,Exports of goods and services,IE,Ireland,2020,,517748.8,,,,,
dataflow,ESTAT:TEC00110(1.0),"Goods and services, imports and exports",A,Annual,CP_MEUR,"Current prices, million euro",P6,Exports of goods and services,IE,Ireland,2021,,597705.4,,,,,
dataflow,ESTAT:TEC00110(1.0),"Goods and services, imports and exports",A,Annual,CP_MEUR,"Current prices, million euro",P6,Exports of goods and services,IE,Ireland,2022,,712037.6,,,,,
dataflow,ESTAT:TEC00110(1.0),"Goods and services, imports and exports",A,Annual,CP_MEUR,"Current prices, million euro",P6,Exports of goods and services,IE,Ireland,2023,,688731.8,,,,,
dataflow,ESTAT:TEC00110(1.0),"Goods and services, imports and exports",A,Annual,CP_MEUR,"Current prices, million euro",P6,Exports of goods and services,IE,Ireland,2024,,787239.9,,,,,
dataflow,ESTAT:TEC00110(1.0),"Goods and services, imports and exports",A,Annual,CP_MEUR,"Current prices, million euro",P6,Exports of goods and services,IS,Iceland,2020,,6311.5,,,,,
dataflow,ESTAT:TEC00110(1.0),"Goods and services, imports and exports",A,Annual,CP_MEUR,"Current prices, million euro",P6,Exports of goods and services,IS,Iceland,2021,,8141.2,,,,,
dataflow,ESTAT:TEC00110(1.0),"Goods and services, imports and exports",A,Annual,CP_MEUR,"Current prices, million euro",P6,Exports of goods and services,IS,Iceland,2022,,12502.0,,,,,
dataflow,ESTAT:TEC00110(1.0),"Goods and services, imports and exports",A,Annual,CP_MEUR,"Current prices, million euro",P6,Exports of goods and services,IS,Iceland,2023,,12638.4,,,,,
dataflow,ESTAT:TEC00110(1.0),"Goods and services, imports and exports",A,Annual,CP_MEUR,"Current prices, million euro",P6,Exports of goods and services,IS,Iceland,2024,,12858.7,,,,,
dataflow,ESTAT:TEC00110(1.0),"Goods and services, imports and exports",A,Annual,CP_MEUR,"Current prices, million euro",P6,Exports of goods and services,IT,Italy,2020,,479725.2,,,,,
dataflow,ESTAT:TEC00110(1.0),"Goods and services, imports and exports",A,Annual,CP_MEUR,"Current prices, million euro",P6,Exports of goods and services,IT,Italy,2021,,574339.2,,,,,
dataflow,ESTAT:TEC00110(1.0),"Goods and services, imports and exports",A,Annual,CP_MEUR,"Current prices, million euro",P6,Exports of goods and services,IT,Italy,2022,,701306.3,,,,,
dataflow,ESTAT:TEC00110(1.0),"Goods and services, imports and exports",A,Annual,CP_MEUR,"Current prices, million euro",P6,Exports of goods and services,IT,Italy,2023,,714756.6,,,,,
dataflow,ESTAT:TEC00110(1.0),"Goods and services, imports and exports",A,Annual,CP_MEUR,"Current prices, million euro",P6,Exports of goods and services,IT,Italy,2024,,717563.7,,,,,
dataflow,ESTAT:TEC00110(1.0),"Goods and services, imports and exports",A,Annual,CP_MEUR,"Current prices, million euro",P6,Exports of goods and services,LT,Lithuania,2020,,36409.0,,,,,
dataflow,ESTAT:TEC00110(1.0),"Goods and services, imports and exports",A,Annual,CP_MEUR,"Current prices, million euro",P6,Exports of goods and services,LT,Lithuania,2021,,45134.0,,,,,
dataflow,ESTAT:TEC00110(1.0),"Goods and services, imports and exports",A,Annual,CP_MEUR,"Current prices, million euro",P6,Exports of goods and services,LT,Lithuania,2022,,58537.8,,,,,
dataflow,ESTAT:TEC00110(1.0),"Goods and services, imports and exports",A,Annual,CP_MEUR,"Current prices, million euro",P6,Exports of goods and services,LT,Lithuania,2023,,56431.5,,,,,
dataflow,ESTAT:TEC00110(1.0),"Goods and services, imports and exports",A,Annual,CP_MEUR,"Current prices, million euro",P6,Exports of goods and services,LT,Lithuania,2024,,58112.6,,,,,
dataflow,ESTAT:TEC00110(1.0),"Goods and services, imports and exports",A,Annual,CP_MEUR,"Current prices, million euro",P6,Exports of goods and services,LU,Luxembourg,2020,,131860.3,,,,,
dataflow,ESTAT:TEC00110(1.0),"Goods and services, imports and exports",A,Annual,CP_MEUR,"Current prices, million euro",P6,Exports of goods and services,LU,Luxembourg,2021,,157486.4,,,,,
dataflow,ESTAT:TEC00110(1.0),"Goods and services, imports and exports",A,Annual,CP_MEUR,"Current prices, million euro",P6,Exports of goods and services,LU,Luxembourg,2022,,170579.9,,,,,
dataflow,ESTAT:TEC00110(1.0),"Goods and services, imports and exports",A,Annual,CP_MEUR,"Current prices, million euro",P6,Exports of goods and services,LU,Luxembourg,2023,,176373.2,,,,,
dataflow,ESTAT:TEC00110(1.0),"Goods and services, imports and exports",A,Annual,CP_MEUR,"Current prices, million euro",P6,Exports of goods and services,LU,Luxembourg,2024,,185556.3,,p,provisional,,
dataflow,ESTAT:TEC00110(1.0),"Goods and services, imports and exports",A,Annual,CP_MEUR,"Current prices, million euro",P6,Exports of goods and services,LV,Latvia,2020,,18311.8,,,,,
dataflow,ESTAT:TEC00110(1.0),"Goods and services, imports and exports",A,Annual,CP_MEUR,"Current prices, million euro",P6,Exports of goods and services,LV,Latvia,2021,,21569.2,,,,,
dataflow,ESTAT:TEC00110(1.0),"Goods and services, imports and exports",A,Annual,CP_MEUR,"Current prices, million euro",P6,Exports of goods and services,LV,Latvia,2022,,27969.3,,,,,
dataflow,ESTAT:TEC00110(1.0),"Goods and services, imports and exports",A,Annual,CP_MEUR,"Current prices, million euro",P6,Exports of goods and services,LV,Latvia,2023,,26167.1,,,,,
dataflow,ESTAT:TEC00110(1.0),"Goods and services, imports and exports",A,Annual,CP_MEUR,"Current prices, million euro",P6,Exports of goods and services,LV,Latvia,2024,,25983.3,,,,,
dataflow,ESTAT:TEC00110(1.0),"Goods and services, imports and exports",A,Annual,CP_MEUR,"Current prices, million euro",P6,Exports of goods and services,ME,Montenegro,2020,,1088.1,,,,,
dataflow,ESTAT:TEC00110(1.0),"Goods and services, imports and exports",A,Annual,CP_MEUR,"Current prices, million euro",P6,Exports of goods and services,ME,Montenegro,2021,,2122.5,,,,,
dataflow,ESTAT:TEC00110(1.0),"Goods and services, imports and exports",A,Annual,CP_MEUR,"Current prices, million euro",P6,Exports of goods and services,ME,Montenegro,2022,,3052.8,,,,,
dataflow,ESTAT:TEC00110(1.0),"Goods and services, imports and exports",A,Annual,CP_MEUR,"Current prices, million euro",P6,Exports of goods and services,ME,Montenegro,2023,,3478.4,,,,,
dataflow,ESTAT:TEC00110(1.0),"Goods and services, imports and exports",A,Annual,CP_MEUR,"Current prices, million euro",P6,Exports of goods and services,ME,Montenegro,2024,,3347.2,,p,provisional,,
dataflow,ESTAT:TEC00110(1.0),"Goods and services, imports and exports",A,Annual,CP_MEUR,"Current prices, million euro",P6,Exports of goods and services,MK,North Macedonia,2020,,6269.2,,,,,
dataflow,ESTAT:TEC00110(1.0),"Goods and services, imports and exports",A,Annual,CP_MEUR,"Current prices, million euro",P6,Exports of goods and services,MK,North Macedonia,2021,,7745.1,,,,,
dataflow,ESTAT:TEC00110(1.0),"Goods and services, imports and exports",A,Annual,CP_MEUR,"Current prices, million euro",P6,Exports of goods and services,MK,North Macedonia,2022,,9639.1,,,,,
dataflow,ESTAT:TEC00110(1.0),"Goods and services, imports and exports",A,Annual,CP_MEUR,"Current prices, million euro",P6,Exports of goods and services,MK,North Macedonia,2023,,9889.7,,p,provisional,,
dataflow,ESTAT:TEC00110(1.0),"Goods and services, imports and exports",A,Annual,CP_MEUR,"Current prices, million euro",P6,Exports of goods and services,MK,North Macedonia,2024,,9668.2,,e,estimated,,
dataflow,ESTAT:TEC00110(1.0),"Goods and services, imports and exports",A,Annual,CP_MEUR,"Current prices, million euro",P6,Exports of goods and services,MT,Malta,2020,,19549.2,,,,,
dataflow,ESTAT:TEC00110(1.0),"Goods and services, imports and exports",A,Annual,CP_MEUR,"Current prices, million euro",P6,Exports of goods and services,MT,Malta,2021,,19792.8,,,,,
dataflow,ESTAT:TEC00110(1.0),"Goods and services, imports and exports",A,Annual,CP_MEUR,"Current prices, million euro",P6,Exports of goods and services,MT,Malta,2022,,23490.7,,,,,
dataflow,ESTAT:TEC00110(1.0),"Goods and services, imports and exports",A,Annual,CP_MEUR,"Current prices, million euro",P6,Exports of goods and services,MT,Malta,2023,,25610.9,,,,,
dataflow,ESTAT:TEC00110(1.0),"Goods and services, imports and exports",A,Annual,CP_MEUR,"Current prices, million euro",P6,Exports of goods and services,MT,Malta,2024,,27665.0,,,,,
dataflow,ESTAT:TEC00110(1.0),"Goods and services, imports and exports",A,Annual,CP_MEUR,"Current prices, million euro",P6,Exports of goods and services,NL,Netherlands,2020,,663307.0,,,,,
dataflow,ESTAT:TEC00110(1.0),"Goods and services, imports and exports",A,Annual,CP_MEUR,"Current prices, million euro",P6,Exports of goods and services,NL,Netherlands,2021,,770745.0,,,,,
dataflow,ESTAT:TEC00110(1.0),"Goods and services, imports and exports",A,Annual,CP_MEUR,"Current prices, million euro",P6,Exports of goods and services,NL,Netherlands,2022,,958476.0,,,,,
dataflow,ESTAT:TEC00110(1.0),"Goods and services, imports and exports",A,Annual,CP_MEUR,"Current prices, million euro",P6,Exports of goods and services,NL,Netherlands,2023,,918720.0,,,,,
dataflow,ESTAT:TEC00110(1.0),"Goods and services, imports and exports",A,Annual,CP_MEUR,"Current prices, million euro",P6,Exports of goods and services,NL,Netherlands,2024,,925247.0,,,,,
dataflow,ESTAT:TEC00110(1.0),"Goods and services, imports and exports",A,Annual,CP_MEUR,"Current prices, million euro",P6,Exports of goods and services,NO,Norway,2020,,103982.6,,,,,
dataflow,ESTAT:TEC00110(1.0),"Goods and services, imports and exports",A,Annual,CP_MEUR,"Current prices, million euro",P6,Exports of goods and services,NO,Norway,2021,,183096.0,,,,,
dataflow,ESTAT:TEC00110(1.0),"Goods and services, imports and exports",A,Annual,CP_MEUR,"Current prices, million euro",P6,Exports of goods and services,NO,Norway,2022,,314943.9,,,,,
dataflow,ESTAT:TEC00110(1.0),"Goods and services, imports and exports",A,Annual,CP_MEUR,"Current prices, million euro",P6,Exports of goods and services,NO,Norway,2023,,213943.7,,,,,
dataflow,ESTAT:TEC00110(1.0),"Goods and services, imports and exports",A,Annual,CP_MEUR,"Current prices, million euro",P6,Exports of goods and services,NO,Norway,2024,,212224.4,,,,,
dataflow,ESTAT:TEC00110(1.0),"Goods and services, imports and exports",A,Annual,CP_MEUR,"Current prices, million euro",P6,Exports of goods and services,PL,Poland,2020,,278857.8,,,,,
dataflow,ESTAT:TEC00110(1.0),"Goods and services, imports and exports",A,Annual,CP_MEUR,"Current prices, million euro",P6,Exports of goods and services,PL,Poland,2021,,332532.2,,,,,
dataflow,ESTAT:TEC00110(1.0),"Goods and services, imports and exports",A,Annual,CP_MEUR,"Current prices, million euro",P6,Exports of goods and services,PL,Poland,2022,,412594.3,,,,,
dataflow,ESTAT:TEC00110(1.0),"Goods and services, imports and exports",A,Annual,CP_MEUR,"Current prices, million euro",P6,Exports of goods and services,PL,Poland,2023,,435227.7,,,,,
dataflow,ESTAT:TEC00110(1.0),"Goods and services, imports and exports",A,Annual,CP_MEUR,"Current prices, million euro",P6,Exports of goods and services,PL,Poland,2024,,442520.8,,,,,
dataflow,ESTAT:TEC00110(1.0),"Goods and services, imports and exports",A,Annual,CP_MEUR,"Current prices, million euro",P6,Exports of goods and services,PT,Portugal,2020,,74896.8,,,,,
dataflow,ESTAT:TEC00110(1.0),"Goods and services, imports and exports",A,Annual,CP_MEUR,"Current prices, million euro",P6,Exports of goods and services,PT,Portugal,2021,,89949.7,,,,,
dataflow,ESTAT:TEC00110(1.0),"Goods and services, imports and exports",A,Annual,CP_MEUR,"Current prices, million euro",P6,Exports of goods and services,PT,Portugal,2022,,120714.1,,,,,
dataflow,ESTAT:TEC00110(1.0),"Goods and services, imports and exports",A,Annual,CP_MEUR,"Current prices, million euro",P6,Exports of goods and services,PT,Portugal,2023,,127280.8,,p,provisional,,
dataflow,ESTAT:TEC00110(1.0),"Goods and services, imports and exports",A,Annual,CP_MEUR,"Current prices, million euro",P6,Exports of goods and services,PT,Portugal,2024,,132525.9,,p,provisional,,
dataflow,ESTAT:TEC00110(1.0),"Goods and services, imports and exports",A,Annual,CP_MEUR,"Current prices, million euro",P6,Exports of goods and services,RO,Romania,2020,,81277.3,,,,,
dataflow,ESTAT:TEC00110(1.0),"Goods and services, imports and exports",A,Annual,CP_MEUR,"Current prices, million euro",P6,Exports of goods and services,RO,Romania,2021,,98068.0,,,,,
dataflow,ESTAT:TEC00110(1.0),"Goods and services, imports and exports",A,Annual,CP_MEUR,"Current prices, million euro",P6,Exports of goods and services,RO,Romania,2022,,122175.0,,,,,
dataflow,ESTAT:TEC00110(1.0),"Goods and services, imports and exports",A,Annual,CP_MEUR,"Current prices, million euro",P6,Exports of goods and services,RO,Romania,2023,,126997.4,,p,provisional,,
dataflow,ESTAT:TEC00110(1.0),"Goods and services, imports and exports",A,Annual,CP_MEUR,"Current prices, million euro",P6,Exports of goods and services,RO,Romania,2024,,125946.8,,p,provisional,,
dataflow,ESTAT:TEC00110(1.0),"Goods and services, imports and exports",A,Annual,CP_MEUR,"Current prices, million euro",P6,Exports of goods and services,RS,Serbia,2020,,22602.6,,,,,
dataflow,ESTAT:TEC00110(1.0),"Goods and services, imports and exports",A,Annual,CP_MEUR,"Current prices, million euro",P6,Exports of goods and services,RS,Serbia,2021,,29274.7,,,,,
dataflow,ESTAT:TEC00110(1.0),"Goods and services, imports and exports",A,Annual,CP_MEUR,"Current prices, million euro",P6,Exports of goods and services,RS,Serbia,2022,,38576.5,,p,provisional,,
dataflow,ESTAT:TEC00110(1.0),"Goods and services, imports and exports",A,Annual,CP_MEUR,"Current prices, million euro",P6,Exports of goods and services,RS,Serbia,2023,,41419.0,,p,provisional,,
dataflow,ESTAT:TEC00110(1.0),"Goods and services, imports and exports",A,Annual,CP_MEUR,"Current prices, million euro",P6,Exports of goods and services,RS,Serbia,2024,,44620.7,,p,provisional,,
dataflow,ESTAT:TEC00110(1.0),"Goods and services, imports and exports",A,Annual,CP_MEUR,"Current prices, million euro",P6,Exports of goods and services,SE,Sweden,2020,,211741.0,,,,,
dataflow,ESTAT:TEC00110(1.0),"Goods and services, imports and exports",A,Annual,CP_MEUR,"Current prices, million euro",P6,Exports of goods and services,SE,Sweden,2021,,253543.8,,,,,
dataflow,ESTAT:TEC00110(1.0),"Goods and services, imports and exports",A,Annual,CP_MEUR,"Current prices, million euro",P6,Exports of goods and services,SE,Sweden,2022,,297190.4,,,,,
dataflow,ESTAT:TEC00110(1.0),"Goods and services, imports and exports",A,Annual,CP_MEUR,"Current prices, million euro",P6,Exports of goods and services,SE,Sweden,2023,,295395.5,,,,,
dataflow,ESTAT:TEC00110(1.0),"Goods and services, imports and exports",A,Annual,CP_MEUR,"Current prices, million euro",P6,Exports of goods and services,SE,Sweden,2024,,302895.6,,,,,
dataflow,ESTAT:TEC00110(1.0),"Goods and services, imports and exports",A,Annual,CP_MEUR,"Current prices, million euro",P6,Exports of goods and services,SI,Slovenia,2020,,36583.2,,,,,
dataflow,ESTAT:TEC00110(1.0),"Goods and services, imports and exports",A,Annual,CP_MEUR,"Current prices, million euro",P6,Exports of goods and services,SI,Slovenia,2021,,43687.2,,,,,
dataflow,ESTAT:TEC00110(1.0),"Goods and services, imports and exports",A,Annual,CP_MEUR,"Current prices, million euro",P6,Exports of goods and services,SI,Slovenia,2022,,53484.4,,,,,
dataflow,ESTAT:TEC00110(1.0),"Goods and services, imports and exports",A,Annual,CP_MEUR,"Current prices, million euro",P6,Exports of goods and services,SI,Slovenia,2023,,53240.1,,,,,
dataflow,ESTAT:TEC00110(1.0),"Goods and services, imports and exports",A,Annual,CP_MEUR,"Current prices, million euro",P6,Exports of goods and services,SI,Slovenia,2024,,54602.3,,,,,
dataflow,ESTAT:TEC00110(1.0),"Goods and services, imports and exports",A,Annual,CP_MEUR,"Current prices, million euro",P6,Exports of goods and services,SK,Slovakia,2020,,79510.7,,,,,
dataflow,ESTAT:TEC00110(1.0),"Goods and services, imports and exports",A,Annual,CP_MEUR,"Current prices, million euro",P6,Exports of goods and services,SK,Slovakia,2021,,92478.7,,,,,
dataflow,ESTAT:TEC00110(1.0),"Goods and services, imports and exports",A,Annual,CP_MEUR,"Current prices, million euro",P6,Exports of goods and services,SK,Slovakia,2022,,108935.1,,,,,
dataflow,ESTAT:TEC00110(1.0),"Goods and services, imports and exports",A,Annual,CP_MEUR,"Current prices, million euro",P6,Exports of goods and services,SK,Slovakia,2023,,113032.0,,,,,
dataflow,ESTAT:TEC00110(1.0),"Goods and services, imports and exports",A,Annual,CP_MEUR,"Current prices, million euro",P6,Exports of goods and services,SK,Slovakia,2024,,111629.5,,,,,
dataflow,ESTAT:TEC00110(1.0),"Goods and services, imports and exports",A,Annual,CP_MEUR,"Current prices, million euro",P6,Exports of goods and services,TR,Türkiye,2020,,182524.8,,,,,
dataflow,ESTAT:TEC00110(1.0),"Goods and services, imports and exports",A,Annual,CP_MEUR,"Current prices, million euro",P6,Exports of goods and services,TR,Türkiye,2021,,246719.4,,,,,
dataflow,ESTAT:TEC00110(1.0),"Goods and services, imports and exports",A,Annual,CP_MEUR,"Current prices, million euro",P6,Exports of goods and services,TR,Türkiye,2022,,332715.3,,,,,
dataflow,ESTAT:TEC00110(1.0),"Goods and services, imports and exports",A,Annual,CP_MEUR,"Current prices, million euro",P6,Exports of goods and services,TR,Türkiye,2023,,328897.0,,,,,
dataflow,ESTAT:TEC00110(1.0),"Goods and services, imports and exports",A,Annual,CP_MEUR,"Current prices, million euro",P6,Exports of goods and services,TR,Türkiye,2024,,342236.3,,,,,
dataflow,ESTAT:TEC00110(1.0),"Goods and services, imports and exports",A,Annual,CP_MEUR,"Current prices, million euro",P6,Exports of goods and services,UA,Ukraine,2020,,53028.6,,,,,
dataflow,ESTAT:TEC00110(1.0),"Goods and services, imports and exports",A,Annual,CP_MEUR,"Current prices, million euro",P6,Exports of goods and services,UA,Ukraine,2021,,68747.1,,,,,
dataflow,ESTAT:TEC00110(1.0),"Goods and services, imports and exports",A,Annual,CP_MEUR,"Current prices, million euro",P6,Exports of goods and services,UA,Ukraine,2022,,54587.7,,,,,
dataflow,ESTAT:TEC00110(1.0),"Goods and services, imports and exports",A,Annual,CP_MEUR,"Current prices, million euro",P6,Exports of goods and services,UA,Ukraine,2023,,47440.6,,,,,
dataflow,ESTAT:TEC00110(1.0),"Goods and services, imports and exports",A,Annual,CP_MEUR,"Current prices, million euro",P6,Exports of goods and services,XK,Kosovo*,2020,,1469.1,,,,,
dataflow,ESTAT:TEC00110(1.0),"Goods and services, imports and exports",A,Annual,CP_MEUR,"Current prices, million euro",P6,Exports of goods and services,XK,Kosovo*,2021,,2658.7,,,,,
dataflow,ESTAT:TEC00110(1.0),"Goods and services, imports and exports",A,Annual,CP_MEUR,"Current prices, million euro",P6,Exports of goods and services,XK,Kosovo*,2022,,3436.0,,,,,
dataflow,ESTAT:TEC00110(1.0),"Goods and services, imports and exports",A,Annual,CP_MEUR,"Current prices, million euro",P6,Exports of goods and services,XK,Kosovo*,2023,,3837.2,,,,,
dataflow,ESTAT:TEC00110(1.0),"Goods and services, imports and exports",A,Annual,CP_MEUR,"Current prices, million euro",P6,Exports of goods and services,XK,Kosovo*,2024,,4320.1,,p,provisional,,
dataflow,ESTAT:TEC00110(1.0),"Goods and services, imports and exports",A,Annual,CP_MEUR,"Current prices, million euro",P7,Imports of goods and services,AL,Albania,2020,,4947.7,,,,,
dataflow,ESTAT:TEC00110(1.0),"Goods and services, imports and exports",A,Annual,CP_MEUR,"Current prices, million euro",P7,Imports of goods and services,AL,Albania,2021,,6776.7,,,,,
dataflow,ESTAT:TEC00110(1.0),"Goods and services, imports and exports",A,Annual,CP_MEUR,"Current prices, million euro",P7,Imports of goods and services,AL,Albania,2022,,8582.5,,,,,
dataflow,ESTAT:TEC00110(1.0),"Goods and services, imports and exports",A,Annual,CP_MEUR,"Current prices, million euro",P7,Imports of goods and services,AL,Albania,2023,,9547.0,,,,,
dataflow,ESTAT:TEC00110(1.0),"Goods and services, imports and exports",A,Annual,CP_MEUR,"Current prices, million euro",P7,Imports of goods and services,AL,Albania,2024,,10792.7,,p,provisional,,
dataflow,ESTAT:TEC00110(1.0),"Goods and services, imports and exports",A,Annual,CP_MEUR,"Current prices, million euro",P7,Imports of goods and services,AT,Austria,2020,,183637.0,,,,,
dataflow,ESTAT:TEC00110(1.0),"Goods and services, imports and exports",A,Annual,CP_MEUR,"Current prices, million euro",P7,Imports of goods and services,AT,Austria,2021,,223748.2,,,,,
dataflow,ESTAT:TEC00110(1.0),"Goods and services, imports and exports",A,Annual,CP_MEUR,"Current prices, million euro",P7,Imports of goods and services,AT,Austria,2022,,279649.7,,,,,
dataflow,ESTAT:TEC00110(1.0),"Goods and services, imports and exports",A,Annual,CP_MEUR,"Current prices, million euro",P7,Imports of goods and services,AT,Austria,2023,,271392.5,,,,,
dataflow,ESTAT:TEC00110(1.0),"Goods and services, imports and exports",A,Annual,CP_MEUR,"Current prices, million euro",P7,Imports of goods and services,AT,Austria,2024,,262882.2,,,,,
dataflow,ESTAT:TEC00110(1.0),"Goods and services, imports and exports",A,Annual,CP_MEUR,"Current prices, million euro",P7,Imports of goods and services,BA,Bosnia and Herzegovina,2020,,8510.4,,,,,
dataflow,ESTAT:TEC00110(1.0),"Goods and services, imports and exports",A,Annual,CP_MEUR,"Current prices, million euro",P7,Imports of goods and services,BA,Bosnia and Herzegovina,2021,,10791.2,,,,,
dataflow,ESTAT:TEC00110(1.0),"Goods and services, imports and exports",A,Annual,CP_MEUR,"Current prices, million euro",P7,Imports of goods and services,BA,Bosnia and Herzegovina,2022,,14437.3,,,,,
dataflow,ESTAT:TEC00110(1.0),"Goods and services, imports and exports",A,Annual,CP_MEUR,"Current prices, million euro",P7,Imports of goods and services,BA,Bosnia and Herzegovina,2023,,14213.1,,,,,
dataflow,ESTAT:TEC00110(1.0),"Goods and services, imports and exports",A,Annual,CP_MEUR,"Current prices, million euro",P7,Imports of goods and services,BA,Bosnia and Herzegovina,2024,,14971.2,,,,,
dataflow,ESTAT:TEC00110(1.0),"Goods and services, imports and exports",A,Annual,CP_MEUR,"Current prices, million euro",P7,Imports of goods and services,BE,Belgium,2020,,360581.4,,,,,
dataflow,ESTAT:TEC00110(1.0),"Goods and services, imports and exports",A,Annual,CP_MEUR,"Current prices, million euro",P7,Imports of goods and services,BE,Belgium,2021,,444089.5,,,,,
dataflow,ESTAT:TEC00110(1.0),"Goods and services, imports and exports",A,Annual,CP_MEUR,"Current prices, million euro",P7,Imports of goods and services,BE,Belgium,2022,,545107.2,,,,,
dataflow,ESTAT:TEC00110(1.0),"Goods and services, imports and exports",A,Annual,CP_MEUR,"Current prices, million euro",P7,Imports of goods and services,BE,Belgium,2023,,505462.9,,p,provisional,,
dataflow,ESTAT:TEC00110(1.0),"Goods and services, imports and exports",A,Annual,CP_MEUR,"Current prices, million euro",P7,Imports of goods and services,BE,Belgium,2024,,486478.1,,p,provisional,,
dataflow,ESTAT:TEC00110(1.0),"Goods and services, imports and exports",A,Annual,CP_MEUR,"Current prices, million euro",P7,Imports of goods and services,BG,Bulgaria,2020,,33370.8,,,,,
dataflow,ESTAT:TEC00110(1.0),"Goods and services, imports and exports",A,Annual,CP_MEUR,"Current prices, million euro",P7,Imports of goods and services,BG,Bulgaria,2021,,42353.6,,,,,
dataflow,ESTAT:TEC00110(1.0),"Goods and services, imports and exports",A,Annual,CP_MEUR,"Current prices, million euro",P7,Imports of goods and services,BG,Bulgaria,2022,,59279.0,,,,,
dataflow,ESTAT:TEC00110(1.0),"Goods and services, imports and exports",A,Annual,CP_MEUR,"Current prices, million euro",P7,Imports of goods and services,BG,Bulgaria,2023,,54725.7,,,,,
dataflow,ESTAT:TEC00110(1.0),"Goods and services, imports and exports",A,Annual,CP_MEUR,"Current prices, million euro",P7,Imports of goods and services,BG,Bulgaria,2024,,55472.8,,p,provisional,,
dataflow,ESTAT:TEC00110(1.0),"Goods and services, imports and exports",A,Annual,CP_MEUR,"Current prices, million euro",P7,Imports of goods and services,CH,Switzerland,2020,,375416.1,,,,,
dataflow,ESTAT:TEC00110(1.0),"Goods and services, imports and exports",A,Annual,CP_MEUR,"Current prices, million euro",P7,Imports of goods and services,CH,Switzerland,2021,,405903.6,,,,,
dataflow,ESTAT:TEC00110(1.0),"Goods and services, imports and exports",A,Annual,CP_MEUR,"Current prices, million euro",P7,Imports of goods and services,CH,Switzerland,2022,,491021.6,,,,,
dataflow,ESTAT:TEC00110(1.0),"Goods and services, imports and exports",A,Annual,CP_MEUR,"Current prices, million euro",P7,Imports of goods and services,CH,Switzerland,2023,,512601.3,,,,,
dataflow,ESTAT:TEC00110(1.0),"Goods and services, imports and exports",A,Annual,CP_MEUR,"Current prices, million euro",P7,Imports of goods and services,CH,Switzerland,2024,,536132.0,,,,,
dataflow,ESTAT:TEC00110(1.0),"Goods and services, imports and exports",A,Annual,CP_MEUR,"Current prices, million euro",P7,Imports of goods and services,CY,Cyprus,2020,,18127.4,,,,,
dataflow,ESTAT:TEC00110(1.0),"Goods and services, imports and exports",A,Annual,CP_MEUR,"Current prices, million euro",P7,Imports of goods and services,CY,Cyprus,2021,,22102.7,,,,,
dataflow,ESTAT:TEC00110(1.0),"Goods and services, imports and exports",A,Annual,CP_MEUR,"Current prices, million euro",P7,Imports of goods and services,CY,Cyprus,2022,,29967.8,,,,,
dataflow,ESTAT:TEC00110(1.0),"Goods and services, imports and exports",A,Annual,CP_MEUR,"Current prices, million euro",P7,Imports of goods and services,CY,Cyprus,2023,,30121.1,,,,,
dataflow,ESTAT:TEC00110(1.0),"Goods and services, imports and exports",A,Annual,CP_MEUR,"Current prices, million euro",P7,Imports of goods and services,CY,Cyprus,2024,,31254.0,,,,,
dataflow,ESTAT:TEC00110(1.0),"Goods and services, imports and exports",A,Annual,CP_MEUR,"Current prices, million euro",P7,Imports of goods and services,CZ,Czechia,2020,,134432.4,,,,,
dataflow,ESTAT:TEC00110(1.0),"Goods and services, imports and exports",A,Annual,CP_MEUR,"Current prices, million euro",P7,Imports of goods and services,CZ,Czechia,2021,,164405.3,,,,,
dataflow,ESTAT:TEC00110(1.0),"Goods and services, imports and exports",A,Annual,CP_MEUR,"Current prices, million euro",P7,Imports of goods and services,CZ,Czechia,2022,,205481.3,,,,,
dataflow,ESTAT:TEC00110(1.0),"Goods and services, imports and exports",A,Annual,CP_MEUR,"Current prices, million euro",P7,Imports of goods and services,CZ,Czechia,2023,,203060.2,,,,,
dataflow,ESTAT:TEC00110(1.0),"Goods and services, imports and exports",A,Annual,CP_MEUR,"Current prices, million euro",P7,Imports of goods and services,CZ,Czechia,2024,,199871.2,,,,,
dataflow,ESTAT:TEC00110(1.0),"Goods and services, imports and exports",A,Annual,CP_MEUR,"Current prices, million euro",P7,Imports of goods and services,DE,Germany,2020,,1166802.0,,,,,
dataflow,ESTAT:TEC00110(1.0),"Goods and services, imports and exports",A,Annual,CP_MEUR,"Current prices, million euro",P7,Imports of goods and services,DE,Germany,2021,,1378637.0,,p,provisional,,
dataflow,ESTAT:TEC00110(1.0),"Goods and services, imports and exports",A,Annual,CP_MEUR,"Current prices, million euro",P7,Imports of goods and services,DE,Germany,2022,,1711369.0,,p,provisional,,
dataflow,ESTAT:TEC00110(1.0),"Goods and services, imports and exports",A,Annual,CP_MEUR,"Current prices, million euro",P7,Imports of goods and services,DE,Germany,2023,,1648971.0,,p,provisional,,
dataflow,ESTAT:TEC00110(1.0),"Goods and services, imports and exports",A,Annual,CP_MEUR,"Current prices, million euro",P7,Imports of goods and services,DE,Germany,2024,,1630646.0,,p,provisional,,
dataflow,ESTAT:TEC00110(1.0),"Goods and services, imports and exports",A,Annual,CP_MEUR,"Current prices, million euro",P7,Imports of goods and services,DK,Denmark,2020,,154175.6,,,,,
dataflow,ESTAT:TEC00110(1.0),"Goods and services, imports and exports",A,Annual,CP_MEUR,"Current prices, million euro",P7,Imports of goods and services,DK,Denmark,2021,,182350.7,,,,,
dataflow,ESTAT:TEC00110(1.0),"Goods and services, imports and exports",A,Annual,CP_MEUR,"Current prices, million euro",P7,Imports of goods and services,DK,Denmark,2022,,233061.8,,,,,
dataflow,ESTAT:TEC00110(1.0),"Goods and services, imports and exports",A,Annual,CP_MEUR,"Current prices, million euro",P7,Imports of goods and services,DK,Denmark,2023,,225667.7,,,,,
dataflow,ESTAT:TEC00110(1.0),"Goods and services, imports and exports",A,Annual,CP_MEUR,"Current prices, million euro",P7,Imports of goods and services,DK,Denmark,2024,,238434.5,,,,,
dataflow,ESTAT:TEC00110(1.0),"Goods and services, imports and exports",A,Annual,CP_MEUR,"Current prices, million euro",P7,Imports of goods and services,EE,Estonia,2020,,19289.2,,,,,
dataflow,ESTAT:TEC00110(1.0),"Goods and services, imports and exports",A,Annual,CP_MEUR,"Current prices, million euro",P7,Imports of goods and services,EE,Estonia,2021,,25431.9,,,,,
dataflow,ESTAT:TEC00110(1.0),"Goods and services, imports and exports",A,Annual,CP_MEUR,"Current prices, million euro",P7,Imports of goods and services,EE,Estonia,2022,,32033.3,,,,,
dataflow,ESTAT:TEC00110(1.0),"Goods and services, imports and exports",A,Annual,CP_MEUR,"Current prices, million euro",P7,Imports of goods and services,EE,Estonia,2023,,29405.2,,,,,
dataflow,ESTAT:TEC00110(1.0),"Goods and services, imports and exports",A,Annual,CP_MEUR,"Current prices, million euro",P7,Imports of goods and services,EE,Estonia,2024,,29912.3,,,,,
dataflow,ESTAT:TEC00110(1.0),"Goods and services, imports and exports",A,Annual,CP_MEUR,"Current prices, million euro",P7,Imports of goods and services,EL,Greece,2020,,65078.0,,,,,
dataflow,ESTAT:TEC00110(1.0),"Goods and services, imports and exports",A,Annual,CP_MEUR,"Current prices, million euro",P7,Imports of goods and services,EL,Greece,2021,,88138.5,,,,,
dataflow,ESTAT:TEC00110(1.0),"Goods and services, imports and exports",A,Annual,CP_MEUR,"Current prices, million euro",P7,Imports of goods and services,EL,Greece,2022,,121925.9,,p,provisional,,
dataflow,ESTAT:TEC00110(1.0),"Goods and services, imports and exports",A,Annual,CP_MEUR,"Current prices, million euro",P7,Imports of goods and services,EL,Greece,2023,,109103.5,,p,provisional,,
dataflow,ESTAT:TEC00110(1.0),"Goods and services, imports and exports",A,Annual,CP_MEUR,"Current prices, million euro",P7,Imports of goods and services,EL,Greece,2024,,112460.6,,p,provisional,,
dataflow,ESTAT:TEC00110(1.0),"Goods and services, imports and exports",A,Annual,CP_MEUR,"Current prices, million euro",P7,Imports of goods and services,ES,Spain,2020,,327078.0,,,,,
dataflow,ESTAT:TEC00110(1.0),"Goods and services, imports and exports",A,Annual,CP_MEUR,"Current prices, million euro",P7,Imports of goods and services,ES,Spain,2021,,404834.0,,,,,
dataflow,ESTAT:TEC00110(1.0),"Goods and services, imports and exports",A,Annual,CP_MEUR,"Current prices, million euro",P7,Imports of goods and services,ES,Spain,2022,,533963.0,,p,provisional,,
dataflow,ESTAT:TEC00110(1.0),"Goods and services, imports and exports",A,Annual,CP_MEUR,"Current prices, million euro",P7,Imports of goods and services,ES,Spain,2023,,511415.0,,p,provisional,,
dataflow,ESTAT:TEC00110(1.0),"Goods and services, imports and exports",A,Annual,CP_MEUR,"Current prices, million euro",P7,Imports of goods and services,ES,Spain,2024,,525432.0,,p,provisional,,
dataflow,ESTAT:TEC00110(1.0),"Goods and services, imports and exports",A,Annual,CP_MEUR,"Current prices, million euro",P7,Imports of goods and services,EU27_2020,European Union - 27 countries (from 2020),2020,,5718235.6,,,,,
dataflow,ESTAT:TEC00110(1.0),"Goods and services, imports and exports",A,Annual,CP_MEUR,"Current prices, million euro",P7,Imports of goods and services,EU27_2020,European Union - 27 countries (from 2020),2021,,6777421.3,,,,,
dataflow,ESTAT:TEC00110(1.0),"Goods and services, imports and exports",A,Annual,CP_MEUR,"Current prices, million euro",P7,Imports of goods and services,EU27_2020,European Union - 27 countries (from 2020),2022,,8617568.3,,,,,
dataflow,ESTAT:TEC00110(1.0),"Goods and services, imports and exports",A,Annual,CP_MEUR,"Current prices, million euro",P7,Imports of goods and services,EU27_2020,European Union - 27 countries (from 2020),2023,,8306990.9,,,,,
dataflow,ESTAT:TEC00110(1.0),"Goods and services, imports and exports",A,Annual,CP_MEUR,"Current prices, million euro",P7,Imports of goods and services,EU27_2020,European Union - 27 countries (from 2020),2024,,8309989.9,,,,,
dataflow,ESTAT:TEC00110(1.0),"Goods and services, imports and exports",A,Annual,CP_MEUR,"Current prices, million euro",P7,Imports of goods and services,FI,Finland,2020,,85029.0,,,,,
dataflow,ESTAT:TEC00110(1.0),"Goods and services, imports and exports",A,Annual,CP_MEUR,"Current prices, million euro",P7,Imports of goods and services,FI,Finland,2021,,99176.0,,,,,
dataflow,ESTAT:TEC00110(1.0),"Goods and services, imports and exports",A,Annual,CP_MEUR,"Current prices, million euro",P7,Imports of goods and services,FI,Finland,2022,,128484.0,,,,,
dataflow,ESTAT:TEC00110(1.0),"Goods and services, imports and exports",A,Annual,CP_MEUR,"Current prices, million euro",P7,Imports of goods and services,FI,Finland,2023,,116699.0,,,,,
dataflow,ESTAT:TEC00110(1.0),"Goods and services, imports and exports",A,Annual,CP_MEUR,"Current prices, million euro",P7,Imports of goods and services,FI,Finland,2024,,114436.0,,,,,
dataflow,ESTAT:TEC00110(1.0),"Goods and services, imports and exports",A,Annual,CP_MEUR,"Current prices, million euro",P7,Imports of goods and services,FR,France,2020,,702012.7,,,,,
dataflow,ESTAT:TEC00110(1.0),"Goods and services, imports and exports",A,Annual,CP_MEUR,"Current prices, million euro",P7,Imports of goods and services,FR,France,2021,,815144.1,,,,,
dataflow,ESTAT:TEC00110(1.0),"Goods and services, imports and exports",A,Annual,CP_MEUR,"Current prices, million euro",P7,Imports of goods and services,FR,France,2022,,1044267.2,,,,,
dataflow,ESTAT:TEC00110(1.0),"Goods and services, imports and exports",A,Annual,CP_MEUR,"Current prices, million euro",P7,Imports of goods and services,FR,France,2023,,1022356.9,,p,provisional,,
dataflow,ESTAT:TEC00110(1.0),"Goods and services, imports and exports",A,Annual,CP_MEUR,"Current prices, million euro",P7,Imports of goods and services,FR,France,2024,,999144.0,,p,provisional,,
dataflow,ESTAT:TEC00110(1.0),"Goods and services, imports and exports",A,Annual,CP_MEUR,"Current prices, million euro",P7,Imports of goods and services,HR,Croatia,2020,,24476.1,,,,,
dataflow,ESTAT:TEC00110(1.0),"Goods and services, imports and exports",A,Annual,CP_MEUR,"Current prices, million euro",P7,Imports of goods and services,HR,Croatia,2021,,30673.7,,,,,
dataflow,ESTAT:TEC00110(1.0),"Goods and services, imports and exports",A,Annual,CP_MEUR,"Current prices, million euro",P7,Imports of goods and services,HR,Croatia,2022,,44432.2,,,,,
dataflow,ESTAT:TEC00110(1.0),"Goods and services, imports and exports",A,Annual,CP_MEUR,"Current prices, million euro",P7,Imports of goods and services,HR,Croatia,2023,,42744.6,,p,provisional,,
dataflow,ESTAT:TEC00110(1.0),"Goods and services, imports and exports",A,Annual,CP_MEUR,"Current prices, million euro",P7,Imports of goods and services,HR,Croatia,2024,,45234.7,,p,provisional,,
dataflow,ESTAT:TEC00110(1.0),"Goods and services, imports and exports",A,Annual,CP_MEUR,"Current prices, million euro",P7,Imports of goods and services,HU,Hungary,2020,,105900.2,,,,,
dataflow,ESTAT:TEC00110(1.0),"Goods and services, imports and exports",A,Annual,CP_MEUR,"Current prices, million euro",P7,Imports of goods and services,HU,Hungary,2021,,122906.7,,,,,
dataflow,ESTAT:TEC00110(1.0),"Goods and services, imports and exports",A,Annual,CP_MEUR,"Current prices, million euro",P7,Imports of goods and services,HU,Hungary,2022,,159426.9,,,,,
dataflow,ESTAT:TEC00110(1.0),"Goods and services, imports and exports",A,Annual,CP_MEUR,"Current prices, million euro",P7,Imports of goods and services,HU,Hungary,2023,,150943.1,,,,,
dataflow,ESTAT:TEC00110(1.0),"Goods and services, imports and exports",A,Annual,CP_MEUR,"Current prices, million euro",P7,Imports of goods and services,HU,Hungary,2024,,142518.3,,p,provisional,,
dataflow,ESTAT:TEC00110(1.0),"Goods and services, imports and exports",A,Annual,CP_MEUR,"Current prices, million euro",P7,Imports of goods and services,IE,Ireland,2020,,438183.6,,,,,
dataflow,ESTAT:TEC00110(1.0),"Goods and services, imports and exports",A,Annual,CP_MEUR,"Current prices, million euro",P7,Imports of goods and services,IE,Ireland,2021,,410421.2,,,,,
dataflow,ESTAT:TEC00110(1.0),"Goods and services, imports and exports",A,Annual,CP_MEUR,"Current prices, million euro",P7,Imports of goods and services,IE,Ireland,2022,,497207.0,,,,,
dataflow,ESTAT:TEC00110(1.0),"Goods and services, imports and exports",A,Annual,CP_MEUR,"Current prices, million euro",P7,Imports of goods and services,IE,Ireland,2023,,520954.9,,,,,
dataflow,ESTAT:TEC00110(1.0),"Goods and services, imports and exports",A,Annual,CP_MEUR,"Current prices, million euro",P7,Imports of goods and services,IE,Ireland,2024,,562175.9,,,,,
dataflow,ESTAT:TEC00110(1.0),"Goods and services, imports and exports",A,Annual,CP_MEUR,"Current prices, million euro",P7,Imports of goods and services,IS,Iceland,2020,,6568.4,,,,,
dataflow,ESTAT:TEC00110(1.0),"Goods and services, imports and exports",A,Annual,CP_MEUR,"Current prices, million euro",P7,Imports of goods and services,IS,Iceland,2021,,8565.4,,,,,
dataflow,ESTAT:TEC00110(1.0),"Goods and services, imports and exports",A,Annual,CP_MEUR,"Current prices, million euro",P7,Imports of goods and services,IS,Iceland,2022,,12628.0,,,,,
dataflow,ESTAT:TEC00110(1.0),"Goods and services, imports and exports",A,Annual,CP_MEUR,"Current prices, million euro",P7,Imports of goods and services,IS,Iceland,2023,,12593.7,,,,,
dataflow,ESTAT:TEC00110(1.0),"Goods and services, imports and exports",A,Annual,CP_MEUR,"Current prices, million euro",P7,Imports of goods and services,IS,Iceland,2024,,13212.5,,,,,
dataflow,ESTAT:TEC00110(1.0),"Goods and services, imports and exports",A,Annual,CP_MEUR,"Current prices, million euro",P7,Imports of goods and services,IT,Italy,2020,,421070.6,,,,,
dataflow,ESTAT:TEC00110(1.0),"Goods and services, imports and exports",A,Annual,CP_MEUR,"Current prices, million euro",P7,Imports of goods and services,IT,Italy,2021,,536729.2,,,,,
dataflow,ESTAT:TEC00110(1.0),"Goods and services, imports and exports",A,Annual,CP_MEUR,"Current prices, million euro",P7,Imports of goods and services,IT,Italy,2022,,737635.7,,,,,
dataflow,ESTAT:TEC00110(1.0),"Goods and services, imports and exports",A,Annual,CP_MEUR,"Current prices, million euro",P7,Imports of goods and services,IT,Italy,2023,,684306.2,,,,,
dataflow,ESTAT:TEC00110(1.0),"Goods and services, imports and exports",A,Annual,CP_MEUR,"Current prices, million euro",P7,Imports of goods and services,IT,Italy,2024,,667370.9,,,,,
dataflow,ESTAT:TEC00110(1.0),"Goods and services, imports and exports",A,Annual,CP_MEUR,"Current prices, million euro",P7,Imports of goods and services,LT,Lithuania,2020,,31848.6,,,,,
dataflow,ESTAT:TEC00110(1.0),"Goods and services, imports and exports",A,Annual,CP_MEUR,"Current prices, million euro",P7,Imports of goods and services,LT,Lithuania,2021,,42610.0,,,,,
dataflow,ESTAT:TEC00110(1.0),"Goods and services, imports and exports",A,Annual,CP_MEUR,"Current prices, million euro",P7,Imports of goods and services,LT,Lithuania,2022,,59948.9,,,,,
dataflow,ESTAT:TEC00110(1.0),"Goods and services, imports and exports",A,Annual,CP_MEUR,"Current prices, million euro",P7,Imports of goods and services,LT,Lithuania,2023,,53550.8,,,,,
dataflow,ESTAT:TEC00110(1.0),"Goods and services, imports and exports",A,Annual,CP_MEUR,"Current prices, million euro",P7,Imports of goods and services,LT,Lithuania,2024,,54051.3,,,,,
dataflow,ESTAT:TEC00110(1.0),"Goods and services, imports and exports",A,Annual,CP_MEUR,"Current prices, million euro",P7,Imports of goods and services,LU,Luxembourg,2020,,110386.9,,,,,
dataflow,ESTAT:TEC00110(1.0),"Goods and services, imports and exports",A,Annual,CP_MEUR,"Current prices, million euro",P7,Imports of goods and services,LU,Luxembourg,2021,,132850.1,,,,,
dataflow,ESTAT:TEC00110(1.0),"Goods and services, imports and exports",A,Annual,CP_MEUR,"Current prices, million euro",P7,Imports of goods and services,LU,Luxembourg,2022,,145688.5,,,,,
dataflow,ESTAT:TEC00110(1.0),"Goods and services, imports and exports",A,Annual,CP_MEUR,"Current prices, million euro",P7,Imports of goods and services,LU,Luxembourg,2023,,151205.3,,,,,
dataflow,ESTAT:TEC00110(1.0),"Goods and services, imports and exports",A,Annual,CP_MEUR,"Current prices, million euro",P7,Imports of goods and services,LU,Luxembourg,2024,,157334.1,,p,provisional,,
dataflow,ESTAT:TEC00110(1.0),"Goods and services, imports and exports",A,Annual,CP_MEUR,"Current prices, million euro",P7,Imports of goods and services,LV,Latvia,2020,,17892.3,,,,,
dataflow,ESTAT:TEC00110(1.0),"Goods and services, imports and exports",A,Annual,CP_MEUR,"Current prices, million euro",P7,Imports of goods and services,LV,Latvia,2021,,22593.9,,,,,
dataflow,ESTAT:TEC00110(1.0),"Goods and services, imports and exports",A,Annual,CP_MEUR,"Current prices, million euro",P7,Imports of goods and services,LV,Latvia,2022,,29734.0,,,,,
dataflow,ESTAT:TEC00110(1.0),"Goods and services, imports and exports",A,Annual,CP_MEUR,"Current prices, million euro",P7,Imports of goods and services,LV,Latvia,2023,,27628.2,,,,,
dataflow,ESTAT:TEC00110(1.0),"Goods and services, imports and exports",A,Annual,CP_MEUR,"Current prices, million euro",P7,Imports of goods and services,LV,Latvia,2024,,27012.8,,,,,
dataflow,ESTAT:TEC00110(1.0),"Goods and services, imports and exports",A,Annual,CP_MEUR,"Current prices, million euro",P7,Imports of goods and services,ME,Montenegro,2020,,2553.6,,,,,
dataflow,ESTAT:TEC00110(1.0),"Goods and services, imports and exports",A,Annual,CP_MEUR,"Current prices, million euro",P7,Imports of goods and services,ME,Montenegro,2021,,3081.9,,,,,
dataflow,ESTAT:TEC00110(1.0),"Goods and services, imports and exports",A,Annual,CP_MEUR,"Current prices, million euro",P7,Imports of goods and services,ME,Montenegro,2022,,4405.4,,,,,
dataflow,ESTAT:TEC00110(1.0),"Goods and services, imports and exports",A,Annual,CP_MEUR,"Current prices, million euro",P7,Imports of goods and services,ME,Montenegro,2023,,4776.4,,,,,
dataflow,ESTAT:TEC00110(1.0),"Goods and services, imports and exports",A,Annual,CP_MEUR,"Current prices, million euro",P7,Imports of goods and services,ME,Montenegro,2024,,5038.7,,p,provisional,,
dataflow,ESTAT:TEC00110(1.0),"Goods and services, imports and exports",A,Annual,CP_MEUR,"Current prices, million euro",P7,Imports of goods and services,MK,North Macedonia,2020,,7647.2,,,,,
dataflow,ESTAT:TEC00110(1.0),"Goods and services, imports and exports",A,Annual,CP_MEUR,"Current prices, million euro",P7,Imports of goods and services,MK,North Macedonia,2021,,9619.0,,,,,
dataflow,ESTAT:TEC00110(1.0),"Goods and services, imports and exports",A,Annual,CP_MEUR,"Current prices, million euro",P7,Imports of goods and services,MK,North Macedonia,2022,,12364.1,,,,,
dataflow,ESTAT:TEC00110(1.0),"Goods and services, imports and exports",A,Annual,CP_MEUR,"Current prices, million euro",P7,Imports of goods and services,MK,North Macedonia,2023,,11790.7,,p,provisional,,
dataflow,ESTAT:TEC00110(1.0),"Goods and services, imports and exports",A,Annual,CP_MEUR,"Current prices, million euro",P7,Imports of goods and services,MK,North Macedonia,2024,,11692.4,,e,estimated,,
dataflow,ESTAT:TEC00110(1.0),"Goods and services, imports and exports",A,Annual,CP_MEUR,"Current prices, million euro",P7,Imports of goods and services,MT,Malta,2020,,17284.5,,,,,
dataflow,ESTAT:TEC00110(1.0),"Goods and services, imports and exports",A,Annual,CP_MEUR,"Current prices, million euro",P7,Imports of goods and services,MT,Malta,2021,,17051.3,,,,,
dataflow,ESTAT:TEC00110(1.0),"Goods and services, imports and exports",A,Annual,CP_MEUR,"Current prices, million euro",P7,Imports of goods and services,MT,Malta,2022,,21032.8,,,,,
dataflow,ESTAT:TEC00110(1.0),"Goods and services, imports and exports",A,Annual,CP_MEUR,"Current prices, million euro",P7,Imports of goods and services,MT,Malta,2023,,22162.1,,,,,
dataflow,ESTAT:TEC00110(1.0),"Goods and services, imports and exports",A,Annual,CP_MEUR,"Current prices, million euro",P7,Imports of goods and services,MT,Malta,2024,,23808.1,,,,,
dataflow,ESTAT:TEC00110(1.0),"Goods and services, imports and exports",A,Annual,CP_MEUR,"Current prices, million euro",P7,Imports of goods and services,NL,Netherlands,2020,,579621.0,,,,,
dataflow,ESTAT:TEC00110(1.0),"Goods and services, imports and exports",A,Annual,CP_MEUR,"Current prices, million euro",P7,Imports of goods and services,NL,Netherlands,2021,,683862.0,,,,,
dataflow,ESTAT:TEC00110(1.0),"Goods and services, imports and exports",A,Annual,CP_MEUR,"Current prices, million euro",P7,Imports of goods and services,NL,Netherlands,2022,,871221.0,,,,,
dataflow,ESTAT:TEC00110(1.0),"Goods and services, imports and exports",A,Annual,CP_MEUR,"Current prices, million euro",P7,Imports of goods and services,NL,Netherlands,2023,,814319.0,,,,,
dataflow,ESTAT:TEC00110(1.0),"Goods and services, imports and exports",A,Annual,CP_MEUR,"Current prices, million euro",P7,Imports of goods and services,NL,Netherlands,2024,,801439.0,,,,,
dataflow,ESTAT:TEC00110(1.0),"Goods and services, imports and exports",A,Annual,CP_MEUR,"Current prices, million euro",P7,Imports of goods and services,NO,Norway,2020,,106995.6,,,,,
dataflow,ESTAT:TEC00110(1.0),"Goods and services, imports and exports",A,Annual,CP_MEUR,"Current prices, million euro",P7,Imports of goods and services,NO,Norway,2021,,119917.8,,,,,
dataflow,ESTAT:TEC00110(1.0),"Goods and services, imports and exports",A,Annual,CP_MEUR,"Current prices, million euro",P7,Imports of goods and services,NO,Norway,2022,,153838.7,,,,,
dataflow,ESTAT:TEC00110(1.0),"Goods and services, imports and exports",A,Annual,CP_MEUR,"Current prices, million euro",P7,Imports of goods and services,NO,Norway,2023,,144908.0,,,,,
dataflow,ESTAT:TEC00110(1.0),"Goods and services, imports and exports",A,Annual,CP_MEUR,"Current prices, million euro",P7,Imports of goods and services,NO,Norway,2024,,151361.6,,,,,
dataflow,ESTAT:TEC00110(1.0),"Goods and services, imports and exports",A,Annual,CP_MEUR,"Current prices, million euro",P7,Imports of goods and services,PL,Poland,2020,,249029.3,,,,,
dataflow,ESTAT:TEC00110(1.0),"Goods and services, imports and exports",A,Annual,CP_MEUR,"Current prices, million euro",P7,Imports of goods and services,PL,Poland,2021,,313866.4,,,,,
dataflow,ESTAT:TEC00110(1.0),"Goods and services, imports and exports",A,Annual,CP_MEUR,"Current prices, million euro",P7,Imports of goods and services,PL,Poland,2022,,401453.0,,,,,
dataflow,ESTAT:TEC00110(1.0),"Goods and services, imports and exports",A,Annual,CP_MEUR,"Current prices, million euro",P7,Imports of goods and services,PL,Poland,2023,,392084.8,,,,,
dataflow,ESTAT:TEC00110(1.0),"Goods and services, imports and exports",A,Annual,CP_MEUR,"Current prices, million euro",P7,Imports of goods and services,PL,Poland,2024,,408629.1,,,,,
dataflow,ESTAT:TEC00110(1.0),"Goods and services, imports and exports",A,Annual,CP_MEUR,"Current prices, million euro",P7,Imports of goods and services,PT,Portugal,2020,,78910.6,,,,,
dataflow,ESTAT:TEC00110(1.0),"Goods and services, imports and exports",A,Annual,CP_MEUR,"Current prices, million euro",P7,Imports of goods and services,PT,Portugal,2021,,95961.1,,,,,
dataflow,ESTAT:TEC00110(1.0),"Goods and services, imports and exports",A,Annual,CP_MEUR,"Current prices, million euro",P7,Imports of goods and services,PT,Portugal,2022,,126570.9,,,,,
dataflow,ESTAT:TEC00110(1.0),"Goods and services, imports and exports",A,Annual,CP_MEUR,"Current prices, million euro",P7,Imports of goods and services,PT,Portugal,2023,,124202.1,,p,provisional,,
dataflow,ESTAT:TEC00110(1.0),"Goods and services, imports and exports",A,Annual,CP_MEUR,"Current prices, million euro",P7,Imports of goods and services,PT,Portugal,2024,,127512.2,,p,provisional,,
dataflow,ESTAT:TEC00110(1.0),"Goods and services, imports and exports",A,Annual,CP_MEUR,"Current prices, million euro",P7,Imports of goods and services,RO,Romania,2020,,90992.8,,,,,
dataflow,ESTAT:TEC00110(1.0),"Goods and services, imports and exports",A,Annual,CP_MEUR,"Current prices, million euro",P7,Imports of goods and services,RO,Romania,2021,,111761.9,,,,,
dataflow,ESTAT:TEC00110(1.0),"Goods and services, imports and exports",A,Annual,CP_MEUR,"Current prices, million euro",P7,Imports of goods and services,RO,Romania,2022,,141614.4,,,,,
dataflow,ESTAT:TEC00110(1.0),"Goods and services, imports and exports",A,Annual,CP_MEUR,"Current prices, million euro",P7,Imports of goods and services,RO,Romania,2023,,142520.6,,p,provisional,,
dataflow,ESTAT:TEC00110(1.0),"Goods and services, imports and exports",A,Annual,CP_MEUR,"Current prices, million euro",P7,Imports of goods and services,RO,Romania,2024,,147528.0,,p,provisional,,
dataflow,ESTAT:TEC00110(1.0),"Goods and services, imports and exports",A,Annual,CP_MEUR,"Current prices, million euro",P7,Imports of goods and services,RS,Serbia,2020,,26580.6,,,,,
dataflow,ESTAT:TEC00110(1.0),"Goods and services, imports and exports",A,Annual,CP_MEUR,"Current prices, million euro",P7,Imports of goods and services,RS,Serbia,2021,,33559.8,,,,,
dataflow,ESTAT:TEC00110(1.0),"Goods and services, imports and exports",A,Annual,CP_MEUR,"Current prices, million euro",P7,Imports of goods and services,RS,Serbia,2022,,45205.3,,p,provisional,,
dataflow,ESTAT:TEC00110(1.0),"Goods and services, imports and exports",A,Annual,CP_MEUR,"Current prices, million euro",P7,Imports of goods and services,RS,Serbia,2023,,44685.0,,p,provisional,,
dataflow,ESTAT:TEC00110(1.0),"Goods and services, imports and exports",A,Annual,CP_MEUR,"Current prices, million euro",P7,Imports of goods and services,RS,Serbia,2024,,48378.5,,p,provisional,,
dataflow,ESTAT:TEC00110(1.0),"Goods and services, imports and exports",A,Annual,CP_MEUR,"Current prices, million euro",P7,Imports of goods and services,SE,Sweden,2020,,192137.9,,,,,
dataflow,ESTAT:TEC00110(1.0),"Goods and services, imports and exports",A,Annual,CP_MEUR,"Current prices, million euro",P7,Imports of goods and services,SE,Sweden,2021,,232942.6,,,,,
dataflow,ESTAT:TEC00110(1.0),"Goods and services, imports and exports",A,Annual,CP_MEUR,"Current prices, million euro",P7,Imports of goods and services,SE,Sweden,2022,,288914.8,,,,,
dataflow,ESTAT:TEC00110(1.0),"Goods and services, imports and exports",A,Annual,CP_MEUR,"Current prices, million euro",P7,Imports of goods and services,SE,Sweden,2023,,280560.2,,,,,
dataflow,ESTAT:TEC00110(1.0),"Goods and services, imports and exports",A,Annual,CP_MEUR,"Current prices, million euro",P7,Imports of goods and services,SE,Sweden,2024,,287505.2,,,,,
dataflow,ESTAT:TEC00110(1.0),"Goods and services, imports and exports",A,Annual,CP_MEUR,"Current prices, million euro",P7,Imports of goods and services,SI,Slovenia,2020,,32379.3,,,,,
dataflow,ESTAT:TEC00110(1.0),"Goods and services, imports and exports",A,Annual,CP_MEUR,"Current prices, million euro",P7,Imports of goods and services,SI,Slovenia,2021,,40632.5,,,,,
dataflow,ESTAT:TEC00110(1.0),"Goods and services, imports and exports",A,Annual,CP_MEUR,"Current prices, million euro",P7,Imports of goods and services,SI,Slovenia,2022,,52490.9,,,,,
dataflow,ESTAT:TEC00110(1.0),"Goods and services, imports and exports",A,Annual,CP_MEUR,"Current prices, million euro",P7,Imports of goods and services,SI,Slovenia,2023,,49144.9,,,,,
dataflow,ESTAT:TEC00110(1.0),"Goods and services, imports and exports",A,Annual,CP_MEUR,"Current prices, million euro",P7,Imports of goods and services,SI,Slovenia,2024,,50191.1,,,,,
dataflow,ESTAT:TEC00110(1.0),"Goods and services, imports and exports",A,Annual,CP_MEUR,"Current prices, million euro",P7,Imports of goods and services,SK,Slovakia,2020,,78508.5,,,,,
dataflow,ESTAT:TEC00110(1.0),"Goods and services, imports and exports",A,Annual,CP_MEUR,"Current prices, million euro",P7,Imports of goods and services,SK,Slovakia,2021,,92943.2,,,,,
dataflow,ESTAT:TEC00110(1.0),"Goods and services, imports and exports",A,Annual,CP_MEUR,"Current prices, million euro",P7,Imports of goods and services,SK,Slovakia,2022,,115481.5,,,,,
dataflow,ESTAT:TEC00110(1.0),"Goods and services, imports and exports",A,Annual,CP_MEUR,"Current prices, million euro",P7,Imports of goods and services,SK,Slovakia,2023,,111147.7,,,,,
dataflow,ESTAT:TEC00110(1.0),"Goods and services, imports and exports",A,Annual,CP_MEUR,"Current prices, million euro",P7,Imports of goods and services,SK,Slovakia,2024,,111365.4,,,,,
dataflow,ESTAT:TEC00110(1.0),"Goods and services, imports and exports",A,Annual,CP_MEUR,"Current prices, million euro",P7,Imports of goods and services,TR,Türkiye,2020,,201968.8,,,,,
dataflow,ESTAT:TEC00110(1.0),"Goods and services, imports and exports",A,Annual,CP_MEUR,"Current prices, million euro",P7,Imports of goods and services,TR,Türkiye,2021,,243924.3,,,,,
dataflow,ESTAT:TEC00110(1.0),"Goods and services, imports and exports",A,Annual,CP_MEUR,"Current prices, million euro",P7,Imports of goods and services,TR,Türkiye,2022,,367222.6,,,,,
dataflow,ESTAT:TEC00110(1.0),"Goods and services, imports and exports",A,Annual,CP_MEUR,"Current prices, million euro",P7,Imports of goods and services,TR,Türkiye,2023,,354092.4,,,,,
dataflow,ESTAT:TEC00110(1.0),"Goods and services, imports and exports",A,Annual,CP_MEUR,"Current prices, million euro",P7,Imports of goods and services,TR,Türkiye,2024,,338961.6,,,,,
dataflow,ESTAT:TEC00110(1.0),"Goods and services, imports and exports",A,Annual,CP_MEUR,"Current prices, million euro",P7,Imports of goods and services,UA,Ukraine,2020,,55095.5,,,,,
dataflow,ESTAT:TEC00110(1.0),"Goods and services, imports and exports",A,Annual,CP_MEUR,"Current prices, million euro",P7,Imports of goods and services,UA,Ukraine,2021,,70979.6,,,,,
dataflow,ESTAT:TEC00110(1.0),"Goods and services, imports and exports",A,Annual,CP_MEUR,"Current prices, million euro",P7,Imports of goods and services,UA,Ukraine,2022,,80008.4,,,,,
dataflow,ESTAT:TEC00110(1.0),"Goods and services, imports and exports",A,Annual,CP_MEUR,"Current prices, million euro",P7,Imports of goods and services,UA,Ukraine,2023,,82490.3,,,,,
dataflow,ESTAT:TEC00110(1.0),"Goods and services, imports and exports",A,Annual,CP_MEUR,"Current prices, million euro",P7,Imports of goods and services,XK,Kosovo*,2020,,3650.8,,,,,
dataflow,ESTAT:TEC00110(1.0),"Goods and services, imports and exports",A,Annual,CP_MEUR,"Current prices, million euro",P7,Imports of goods and services,XK,Kosovo*,2021,,5190.9,,,,,
dataflow,ESTAT:TEC00110(1.0),"Goods and services, imports and exports",A,Annual,CP_MEUR,"Current prices, million euro",P7,Imports of goods and services,XK,Kosovo*,2022,,6350.3,,,,,
dataflow,ESTAT:TEC00110(1.0),"Goods and services, imports and exports",A,Annual,CP_MEUR,"Current prices, million euro",P7,Imports of goods and services,XK,Kosovo*,2023,,6806.2,,,,,
dataflow,ESTAT:TEC00110(1.0),"Goods and services, imports and exports",A,Annual,CP_MEUR,"Current prices, million euro",P7,Imports of goods and services,XK,Kosovo*,2024,,7454.9,,p,provisional,,
